Date,Day,WLEMUINDXD
01/12/2017,Fri,26.86
02/12/2017,Sat,10.26
03/12/2017,Sun,8.51
04/12/2017,Mon,20.41
05/12/2017,Tue,68.33
06/12/2017,Wed,5.84
07/12/2017,Thu,16.87
08/12/2017,Fri,6.67
09/12/2017,Sat,11
10/12/2017,Sun,9.57
11/12/2017,Mon,10.69
12/12/2017,Tue,7.93
13/12/2017,Wed,17.07
14/12/2017,Thu,22.81
15/12/2017,Fri,82.57
16/12/2017,Sat,87.35
17/12/2017,Sun,76.14
18/12/2017,Mon,41.47
19/12/2017,Tue,8.01
20/12/2017,Wed,5.56
21/12/2017,Thu,39.72
22/12/2017,Fri,7.34
23/12/2017,Sat,12.13
24/12/2017,Sun,54.87
25/12/2017,Mon,20.56
26/12/2017,Tue,41.35
27/12/2017,Wed,13.95
28/12/2017,Thu,12.77
29/12/2017,Fri,23.07
30/12/2017,Sat,47.6
31/12/2017,Sun,89.84
01/01/2018,Mon,16.72
02/01/2018,Tue,9.12
03/01/2018,Wed,12.52
04/01/2018,Thu,70.37
05/01/2018,Fri,34.79
06/01/2018,Sat,20.95
07/01/2018,Sun,47.03
08/01/2018,Mon,9.66
09/01/2018,Tue,7.52
10/01/2018,Wed,23.41
11/01/2018,Thu,5.75
12/01/2018,Fri,12.85
13/01/2018,Sat,10.71
14/01/2018,Sun,142.24
15/01/2018,Mon,11.35
16/01/2018,Tue,32.33
17/01/2018,Wed,11.59
18/01/2018,Thu,5.63
19/01/2018,Fri,20.46
20/01/2018,Sat,53.38
21/01/2018,Sun,28.1
22/01/2018,Mon,30.07
23/01/2018,Tue,36.23
24/01/2018,Wed,10.65
25/01/2018,Thu,31.49
26/01/2018,Fri,18.43
27/01/2018,Sat,30.72
28/01/2018,Sun,44.74
29/01/2018,Mon,44.75
30/01/2018,Tue,41.47
31/01/2018,Wed,27.74
01/02/2018,Thu,16.34
02/02/2018,Fri,25.71
03/02/2018,Sat,21
04/02/2018,Sun,9.29
05/02/2018,Mon,31.03
06/02/2018,Tue,129.13
07/02/2018,Wed,49.18
08/02/2018,Thu,54.51
09/02/2018,Fri,57.46
10/02/2018,Sat,159.9
11/02/2018,Sun,158.05
12/02/2018,Mon,48.26
13/02/2018,Tue,14.08
14/02/2018,Wed,5.3
15/02/2018,Thu,5.29
16/02/2018,Fri,12.44
17/02/2018,Sat,10.49
18/02/2018,Sun,27.1
19/02/2018,Mon,21.58
20/02/2018,Tue,75.14
21/02/2018,Wed,16.06
22/02/2018,Thu,10.99
23/02/2018,Fri,19.08
24/02/2018,Sat,10.07
25/02/2018,Sun,9.25
26/02/2018,Mon,10.01
27/02/2018,Tue,36.37
28/02/2018,Wed,15.99
01/03/2018,Thu,20.79
02/03/2018,Fri,18.36
03/03/2018,Sat,30.29
04/03/2018,Sun,8.93
05/03/2018,Mon,9.74
06/03/2018,Tue,29.91
07/03/2018,Wed,5.59
08/03/2018,Thu,16.63
09/03/2018,Fri,6.45
10/03/2018,Sat,10.44
11/03/2018,Sun,130.77
12/03/2018,Mon,29.17
13/03/2018,Tue,6.86
14/03/2018,Wed,16.5
15/03/2018,Thu,11
16/03/2018,Fri,6.33
17/03/2018,Sat,10.54
18/03/2018,Sun,9.48
19/03/2018,Mon,8.91
20/03/2018,Tue,22.31
21/03/2018,Wed,5.64
22/03/2018,Thu,5.38
23/03/2018,Fri,19.44
24/03/2018,Sat,10.74
25/03/2018,Sun,9.48
26/03/2018,Mon,10.25
27/03/2018,Tue,14.75
28/03/2018,Wed,5.79
29/03/2018,Thu,5.5
30/03/2018,Fri,6.81
31/03/2018,Sat,55.49
01/04/2018,Sun,29.31
02/04/2018,Mon,20.97
03/04/2018,Tue,37.57
04/04/2018,Wed,52.08
05/04/2018,Thu,56.15
06/04/2018,Fri,57.54
07/04/2018,Sat,194.4
08/04/2018,Sun,125.79
09/04/2018,Mon,30.52
10/04/2018,Tue,14.75
11/04/2018,Wed,20.97
12/04/2018,Thu,21.24
13/04/2018,Fri,18.55
14/04/2018,Sat,51.99
15/04/2018,Sun,18.53
16/04/2018,Mon,20.16
17/04/2018,Tue,7.17
18/04/2018,Wed,71.71
19/04/2018,Thu,5.32
20/04/2018,Fri,18.72
21/04/2018,Sat,10.28
22/04/2018,Sun,9.68
23/04/2018,Mon,27.74
24/04/2018,Tue,21.26
25/04/2018,Wed,5.38
26/04/2018,Thu,10.26
27/04/2018,Fri,6.16
28/04/2018,Sat,9.49
29/04/2018,Sun,8.98
30/04/2018,Mon,8.75
01/05/2018,Tue,7.04
02/05/2018,Wed,43.79
03/05/2018,Thu,21.44
04/05/2018,Fri,17.84
05/05/2018,Sat,20.91
06/05/2018,Sun,37.8
07/05/2018,Mon,10.16
08/05/2018,Tue,7.29
09/05/2018,Wed,10.89
10/05/2018,Thu,10.5
11/05/2018,Fri,6.42
12/05/2018,Sat,10.79
13/05/2018,Sun,37.47
14/05/2018,Mon,20.24
15/05/2018,Tue,14.96
16/05/2018,Wed,38.33
17/05/2018,Thu,15.86
18/05/2018,Fri,6.41
19/05/2018,Sat,10.71
20/05/2018,Sun,9.36
21/05/2018,Mon,10.48
22/05/2018,Tue,21.35
23/05/2018,Wed,238.98
24/05/2018,Thu,16.05
25/05/2018,Fri,6.38
26/05/2018,Sat,10.95
27/05/2018,Sun,19.82
28/05/2018,Mon,16.23
29/05/2018,Tue,35.31
30/05/2018,Wed,23.28
31/05/2018,Thu,15.62
01/06/2018,Fri,50.05
02/06/2018,Sat,11.19
03/06/2018,Sun,19.83
04/06/2018,Mon,10.61
05/06/2018,Tue,7.33
06/06/2018,Wed,5.54
07/06/2018,Thu,16.33
08/06/2018,Fri,6.71
09/06/2018,Sat,11.46
10/06/2018,Sun,9.97
11/06/2018,Mon,10.68
12/06/2018,Tue,7.28
13/06/2018,Wed,5.9
14/06/2018,Thu,10.8
15/06/2018,Fri,18.66
16/06/2018,Sat,11.35
17/06/2018,Sun,19.75
18/06/2018,Mon,10.41
19/06/2018,Tue,82.58
20/06/2018,Wed,12.02
21/06/2018,Thu,5.7
22/06/2018,Fri,13.61
23/06/2018,Sat,23.78
24/06/2018,Sun,61.12
25/06/2018,Mon,22.24
26/06/2018,Tue,8.33
27/06/2018,Wed,24.45
28/06/2018,Thu,12.02
29/06/2018,Fri,42.54
30/06/2018,Sat,12.04
01/07/2018,Sun,10.52
02/07/2018,Mon,33.27
03/07/2018,Tue,8.5
04/07/2018,Wed,45.79
05/07/2018,Thu,33.91
06/07/2018,Fri,90.81
07/07/2018,Sat,127.44
08/07/2018,Sun,125.27
09/07/2018,Mon,50.44
10/07/2018,Tue,26.9
11/07/2018,Wed,6.69
12/07/2018,Thu,32.79
13/07/2018,Fri,7.55
14/07/2018,Sat,12.97
15/07/2018,Sun,11.33
16/07/2018,Mon,12.34
17/07/2018,Tue,27.13
18/07/2018,Wed,13.15
19/07/2018,Thu,12.63
20/07/2018,Fri,23.12
21/07/2018,Sat,25.85
22/07/2018,Sun,11.42
23/07/2018,Mon,12.14
24/07/2018,Tue,27.7
25/07/2018,Wed,6.61
26/07/2018,Thu,26.16
27/07/2018,Fri,7.68
28/07/2018,Sat,13.1
29/07/2018,Sun,11.42
30/07/2018,Mon,12.58
31/07/2018,Tue,9.22
01/08/2018,Wed,6.59
02/08/2018,Thu,12.9
03/08/2018,Fri,7.43
04/08/2018,Sat,25.75
05/08/2018,Sun,10.96
06/08/2018,Mon,11.86
07/08/2018,Tue,9.03
08/08/2018,Wed,13.01
09/08/2018,Thu,6.56
10/08/2018,Fri,7.77
11/08/2018,Sat,12.9
12/08/2018,Sun,103.7
13/08/2018,Mon,36.69
14/08/2018,Tue,81.49
15/08/2018,Wed,6.59
16/08/2018,Thu,6.24
17/08/2018,Fri,22.32
18/08/2018,Sat,36.24
19/08/2018,Sun,55.12
20/08/2018,Mon,11.86
21/08/2018,Tue,17.2
22/08/2018,Wed,12.64
23/08/2018,Thu,78.54
24/08/2018,Fri,28.12
25/08/2018,Sat,195.17
26/08/2018,Sun,42.02
27/08/2018,Mon,22.77
28/08/2018,Tue,50.18
29/08/2018,Wed,12.52
30/08/2018,Thu,30.45
31/08/2018,Fri,103.98
01/09/2018,Sat,33.02
02/09/2018,Sun,43.23
03/09/2018,Mon,50.37
04/09/2018,Tue,18.59
05/09/2018,Wed,30.89
06/09/2018,Thu,24.8
07/09/2018,Fri,20.57
08/09/2018,Sat,10.67
09/09/2018,Sun,10.15
10/09/2018,Mon,10.34
11/09/2018,Tue,8.1
12/09/2018,Wed,12.45
13/09/2018,Thu,6
14/09/2018,Fri,13.54
15/09/2018,Sat,21.71
16/09/2018,Sun,31.42
17/09/2018,Mon,11.02
18/09/2018,Tue,57.3
19/09/2018,Wed,31.36
20/09/2018,Thu,5.93
21/09/2018,Fri,35.07
22/09/2018,Sat,10.82
23/09/2018,Sun,10.52
24/09/2018,Mon,11.14
25/09/2018,Tue,17.19
26/09/2018,Wed,6.1
27/09/2018,Thu,54.23
28/09/2018,Fri,14.48
29/09/2018,Sat,65.72
30/09/2018,Sun,83.78
01/10/2018,Mon,43.76
02/10/2018,Tue,16.37
03/10/2018,Wed,177.91
04/10/2018,Thu,6.03
05/10/2018,Fri,27.99
06/10/2018,Sat,21.81
07/10/2018,Sun,10.82
08/10/2018,Mon,11.81
09/10/2018,Tue,8.24
10/10/2018,Wed,12.39
11/10/2018,Thu,17.95
12/10/2018,Fri,99.73
13/10/2018,Sat,97.6
14/10/2018,Sun,31.7
15/10/2018,Mon,11.26
16/10/2018,Tue,25.41
17/10/2018,Wed,18.6
18/10/2018,Thu,65.72
19/10/2018,Fri,56.79
20/10/2018,Sat,21.66
21/10/2018,Sun,41.63
22/10/2018,Mon,22.38
23/10/2018,Tue,17.08
24/10/2018,Wed,108.69
25/10/2018,Thu,156.69
26/10/2018,Fri,150.53
27/10/2018,Sat,21.89
28/10/2018,Sun,81.97
29/10/2018,Mon,33.72
30/10/2018,Tue,25.24
31/10/2018,Wed,54.95
01/11/2018,Thu,47.78
02/11/2018,Fri,35.14
03/11/2018,Sat,42.77
04/11/2018,Sun,144.13
05/11/2018,Mon,79.17
06/11/2018,Tue,55.86
07/11/2018,Wed,53.53
08/11/2018,Thu,141.71
09/11/2018,Fri,21.53
10/11/2018,Sat,10.99
11/11/2018,Sun,21.11
12/11/2018,Mon,12.35
13/11/2018,Tue,71.71
14/11/2018,Wed,32.18
15/11/2018,Thu,12.56
16/11/2018,Fri,7.27
17/11/2018,Sat,11.47
18/11/2018,Sun,32.31
19/11/2018,Mon,11.72
20/11/2018,Tue,42.68
21/11/2018,Wed,71.23
22/11/2018,Thu,57.25
23/11/2018,Fri,9.06
24/11/2018,Sat,12.88
25/11/2018,Sun,45.25
26/11/2018,Mon,71.71
27/11/2018,Tue,122.19
28/11/2018,Wed,25.85
29/11/2018,Thu,52
30/11/2018,Fri,59.69
01/12/2018,Sat,35.02
02/12/2018,Sun,289.51
03/12/2018,Mon,218.99
04/12/2018,Tue,60.86
05/12/2018,Wed,139.65
06/12/2018,Thu,75.46
07/12/2018,Fri,136.77
08/12/2018,Sat,155.75
09/12/2018,Sun,88.41
10/12/2018,Mon,31.1
11/12/2018,Tue,60.2
12/12/2018,Wed,44.39
13/12/2018,Thu,43.84
14/12/2018,Fri,37.87
15/12/2018,Sat,23.7
16/12/2018,Sun,148.15
17/12/2018,Mon,81.3
18/12/2018,Tue,78.69
19/12/2018,Wed,127.54
20/12/2018,Thu,104.2
21/12/2018,Fri,124.22
22/12/2018,Sat,239.05
23/12/2018,Sun,343.07
24/12/2018,Mon,217.14
25/12/2018,Tue,306.29
26/12/2018,Wed,308.66
27/12/2018,Thu,175
28/12/2018,Fri,282.74
29/12/2018,Sat,226.67
30/12/2018,Sun,274.06
31/12/2018,Mon,154.52
01/01/2019,Tue,200.86
02/01/2019,Wed,168.81
03/01/2019,Thu,265.43
04/01/2019,Fri,157.68
05/01/2019,Sat,111
06/01/2019,Sun,244.26
07/01/2019,Mon,153.69
08/01/2019,Tue,185.62
09/01/2019,Wed,109.68
10/01/2019,Thu,136.76
11/01/2019,Fri,124.88
12/01/2019,Sat,97.06
13/01/2019,Sun,136.09
14/01/2019,Mon,90.3
15/01/2019,Tue,85.64
16/01/2019,Wed,492.31
17/01/2019,Thu,139.37
18/01/2019,Fri,217.37
19/01/2019,Sat,228.92
20/01/2019,Sun,274.29
21/01/2019,Mon,154.86
22/01/2019,Tue,159.42
23/01/2019,Wed,180.21
24/01/2019,Thu,97.13
25/01/2019,Fri,119.4
26/01/2019,Sat,73.39
27/01/2019,Sun,180.95
28/01/2019,Mon,45.53
29/01/2019,Tue,86.39
30/01/2019,Wed,76.42
31/01/2019,Thu,142.96
01/02/2019,Fri,88.78
02/02/2019,Sat,83.78
03/02/2019,Sun,66.15
04/02/2019,Mon,118.31
05/02/2019,Tue,102.39
06/02/2019,Wed,153.76
07/02/2019,Thu,18.94
08/02/2019,Fri,7.47
09/02/2019,Sat,47.38
10/02/2019,Sun,32.66
11/02/2019,Mon,66.98
12/02/2019,Tue,25.83
13/02/2019,Wed,19.28
14/02/2019,Thu,6.3
15/02/2019,Fri,29.16
16/02/2019,Sat,35.55
17/02/2019,Sun,53.39
18/02/2019,Mon,12.55
19/02/2019,Tue,26.18
20/02/2019,Wed,31.77
21/02/2019,Thu,62.04
22/02/2019,Fri,29.54
23/02/2019,Sat,34.92
24/02/2019,Sun,53.18
25/02/2019,Mon,23.22
26/02/2019,Tue,42.85
27/02/2019,Wed,66.43
28/02/2019,Thu,62.04
01/03/2019,Fri,50.88
02/03/2019,Sat,23.08
03/03/2019,Sun,10.62
04/03/2019,Mon,23.3
05/03/2019,Tue,8.86
06/03/2019,Wed,6.45
07/03/2019,Thu,37.71
08/03/2019,Fri,66.65
09/03/2019,Sat,47.41
10/03/2019,Sun,110.55
11/03/2019,Mon,21.72
12/03/2019,Tue,26.23
13/03/2019,Wed,12.95
14/03/2019,Thu,30.81
15/03/2019,Fri,53.12
16/03/2019,Sat,61.29
17/03/2019,Sun,88.7
18/03/2019,Mon,47.71
19/03/2019,Tue,52.19
20/03/2019,Wed,49.81
21/03/2019,Thu,19.41
22/03/2019,Fri,30.41
23/03/2019,Sat,36.66
24/03/2019,Sun,43.2
25/03/2019,Mon,36.37
26/03/2019,Tue,24.66
27/03/2019,Wed,32.01
28/03/2019,Thu,109.02
29/03/2019,Fri,52.4
30/03/2019,Sat,60.81
31/03/2019,Sun,33.17
01/04/2019,Mon,88.02
02/04/2019,Tue,203.52
03/04/2019,Wed,43.03
04/04/2019,Thu,50.15
05/04/2019,Fri,47.02
06/04/2019,Sat,27.06
07/04/2019,Sun,71.75
08/04/2019,Mon,13.86
09/04/2019,Tue,10.53
10/04/2019,Wed,25.7
11/04/2019,Thu,8.43
12/04/2019,Fri,9.47
13/04/2019,Sat,53.91
14/04/2019,Sun,62.25
15/04/2019,Mon,71.49
16/04/2019,Tue,10.89
17/04/2019,Wed,8.74
18/04/2019,Thu,33.23
19/04/2019,Fri,39.05
20/04/2019,Sat,13.75
21/04/2019,Sun,38.63
22/04/2019,Mon,44.26
23/04/2019,Tue,21.36
24/04/2019,Wed,63.16
25/04/2019,Thu,40.07
26/04/2019,Fri,18.76
27/04/2019,Sat,67.13
28/04/2019,Sun,36.82
29/04/2019,Mon,28.45
30/04/2019,Tue,31.23
01/05/2019,Wed,82.22
02/05/2019,Thu,17.62
03/05/2019,Fri,47.29
04/05/2019,Sat,80.33
05/05/2019,Sun,49.2
06/05/2019,Mon,173.8
07/05/2019,Tue,135.4
08/05/2019,Wed,155.19
09/05/2019,Thu,79.69
10/05/2019,Fri,75.69
11/05/2019,Sat,13.66
12/05/2019,Sun,12.35
13/05/2019,Mon,146.16
14/05/2019,Tue,171.61
15/05/2019,Wed,164.98
16/05/2019,Thu,72.19
17/05/2019,Fri,77.38
18/05/2019,Sat,83.17
19/05/2019,Sun,50.33
20/05/2019,Mon,73.41
21/05/2019,Tue,32.29
22/05/2019,Wed,34.9
23/05/2019,Thu,8.88
24/05/2019,Fri,59.79
25/05/2019,Sat,14.21
26/05/2019,Sun,25.05
27/05/2019,Mon,22.32
28/05/2019,Tue,12.16
29/05/2019,Wed,18.25
30/05/2019,Thu,17.79
31/05/2019,Fri,39.63
01/06/2019,Sat,71.14
02/06/2019,Sun,52.44
03/06/2019,Mon,13.66
04/06/2019,Tue,45.03
05/06/2019,Wed,55.26
06/06/2019,Thu,83.26
07/06/2019,Fri,62.55
08/06/2019,Sat,102.39
09/06/2019,Sun,175.27
10/06/2019,Mon,47.28
11/06/2019,Tue,23.58
12/06/2019,Wed,323.09
13/06/2019,Thu,59.64
14/06/2019,Fri,108.81
15/06/2019,Sat,118.89
16/06/2019,Sun,173.7
17/06/2019,Mon,30.81
18/06/2019,Tue,113.01
19/06/2019,Wed,9.3
20/06/2019,Thu,18.56
21/06/2019,Fri,74.73
22/06/2019,Sat,130.56
23/06/2019,Sun,141.95
24/06/2019,Mon,60.88
25/06/2019,Tue,34.37
26/06/2019,Wed,118.63
27/06/2019,Thu,102.81
28/06/2019,Fri,72.11
29/06/2019,Sat,29.71
30/06/2019,Sun,12.52
01/07/2019,Mon,73.94
02/07/2019,Tue,34.4
03/07/2019,Wed,39
04/07/2019,Thu,14.12
05/07/2019,Fri,35.85
06/07/2019,Sat,15.31
07/07/2019,Sun,189.59
08/07/2019,Mon,31.53
09/07/2019,Tue,23.42
10/07/2019,Wed,17.11
11/07/2019,Thu,136.3
12/07/2019,Fri,10.57
13/07/2019,Sat,15.15
14/07/2019,Sun,27.89
15/07/2019,Mon,63.17
16/07/2019,Tue,70.11
17/07/2019,Wed,9.63
18/07/2019,Thu,50.56
19/07/2019,Fri,43.29
20/07/2019,Sat,15.16
21/07/2019,Sun,28.04
22/07/2019,Mon,32.95
23/07/2019,Tue,35.99
24/07/2019,Wed,18.2
25/07/2019,Thu,48.54
26/07/2019,Fri,31.53
27/07/2019,Sat,122.19
28/07/2019,Sun,13.5
29/07/2019,Mon,32.62
30/07/2019,Tue,158.4
31/07/2019,Wed,55.95
01/08/2019,Thu,59.15
02/08/2019,Fri,132.1
03/08/2019,Sat,104.57
04/08/2019,Sun,174.94
05/08/2019,Mon,108.98
06/08/2019,Tue,150.97
07/08/2019,Wed,154.94
08/08/2019,Thu,98.17
09/08/2019,Fri,99.18
10/08/2019,Sat,60.61
11/08/2019,Sun,122.02
12/08/2019,Mon,166.56
13/08/2019,Tue,115.01
14/08/2019,Wed,195.01
15/08/2019,Thu,330.15
16/08/2019,Fri,359.75
17/08/2019,Sat,208.87
18/08/2019,Sun,335.25
19/08/2019,Mon,91.26
20/08/2019,Tue,52.8
21/08/2019,Wed,36.08
22/08/2019,Thu,112.72
23/08/2019,Fri,81.83
24/08/2019,Sat,304.16
25/08/2019,Sun,194.6
26/08/2019,Mon,45.88
27/08/2019,Tue,133.31
28/08/2019,Wed,110.05
29/08/2019,Thu,131.59
30/08/2019,Fri,254.72
31/08/2019,Sat,231.76
01/09/2019,Sun,203.62
02/09/2019,Mon,21.56
03/09/2019,Tue,125.51
04/09/2019,Wed,102.21
05/09/2019,Thu,27.98
06/09/2019,Fri,68.53
07/09/2019,Sat,39.57
08/09/2019,Sun,52.01
09/09/2019,Mon,14.4
10/09/2019,Tue,22.62
11/09/2019,Wed,81.34
12/09/2019,Thu,65.85
13/09/2019,Fri,80.21
14/09/2019,Sat,38.65
15/09/2019,Sun,143.74
16/09/2019,Mon,88.26
17/09/2019,Tue,10.39
18/09/2019,Wed,36.33
19/09/2019,Thu,121.3
20/09/2019,Fri,69.51
21/09/2019,Sat,39.18
22/09/2019,Sun,91.19
23/09/2019,Mon,14.13
24/09/2019,Tue,67.27
25/09/2019,Wed,99.58
26/09/2019,Thu,64.93
27/09/2019,Fri,37.98
28/09/2019,Sat,51.37
29/09/2019,Sun,89.19
30/09/2019,Mon,28.25
01/10/2019,Tue,74.75
02/10/2019,Wed,36.1
03/10/2019,Thu,96.11
04/10/2019,Fri,198.3
05/10/2019,Sat,118.4
06/10/2019,Sun,168.72
07/10/2019,Mon,144.46
08/10/2019,Tue,97.67
09/10/2019,Wed,51.88
10/10/2019,Thu,138.91
11/10/2019,Fri,19.2
12/10/2019,Sat,102.77
13/10/2019,Sun,105.84
14/10/2019,Mon,47.49
15/10/2019,Tue,22.33
16/10/2019,Wed,35.41
17/10/2019,Thu,54.89
18/10/2019,Fri,9.89
19/10/2019,Sat,26.39
20/10/2019,Sun,40.19
21/10/2019,Mon,13.78
22/10/2019,Tue,22.18
23/10/2019,Wed,61.28
24/10/2019,Thu,121.66
25/10/2019,Fri,59.4
26/10/2019,Sat,25.87
27/10/2019,Sun,38.54
28/10/2019,Mon,15.2
29/10/2019,Tue,45.44
30/10/2019,Wed,61.88
31/10/2019,Thu,119.71
01/11/2019,Fri,30.75
02/11/2019,Sat,65.63
03/11/2019,Sun,104.25
04/11/2019,Mon,70.94
05/11/2019,Tue,53.08
06/11/2019,Wed,36.58
07/11/2019,Thu,93.74
08/11/2019,Fri,91.24
09/11/2019,Sat,65.74
10/11/2019,Sun,130.15
11/11/2019,Mon,42.16
12/11/2019,Tue,94.06
13/11/2019,Wed,36.2
14/11/2019,Thu,9.41
15/11/2019,Fri,19.87
16/11/2019,Sat,93.13
17/11/2019,Sun,132.22
18/11/2019,Mon,78.16
19/11/2019,Tue,10.87
20/11/2019,Wed,28.03
21/11/2019,Thu,19.01
22/11/2019,Fri,10.01
23/11/2019,Sat,124.73
24/11/2019,Sun,52.56
25/11/2019,Mon,15.44
26/11/2019,Tue,10.93
27/11/2019,Wed,29.28
28/11/2019,Thu,59.96
29/11/2019,Fri,12.83
30/11/2019,Sat,15.45
01/12/2019,Sun,27.52
02/12/2019,Mon,32.27
03/12/2019,Tue,22.73
04/12/2019,Wed,53.21
05/12/2019,Thu,9.68
06/12/2019,Fri,50.57
07/12/2019,Sat,139.17
08/12/2019,Sun,161.06
09/12/2019,Mon,108.72
10/12/2019,Tue,34.64
11/12/2019,Wed,28.41
12/12/2019,Thu,65.49
13/12/2019,Fri,140.27
14/12/2019,Sat,102.73
15/12/2019,Sun,207.09
16/12/2019,Mon,32.18
17/12/2019,Tue,156.8
18/12/2019,Wed,47.19
19/12/2019,Thu,19.49
20/12/2019,Fri,43.7
21/12/2019,Sat,87.32
22/12/2019,Sun,128.36
23/12/2019,Mon,16.18
24/12/2019,Tue,14.16
25/12/2019,Wed,57.05
26/12/2019,Thu,51.04
27/12/2019,Fri,111.94
28/12/2019,Sat,193.91
29/12/2019,Sun,234.03
30/12/2019,Mon,99.74
31/12/2019,Tue,92.54
01/01/2020,Wed,195.39
02/01/2020,Thu,109.58
03/01/2020,Fri,68.11
04/01/2020,Sat,217.28
05/01/2020,Sun,250.16
06/01/2020,Mon,101.33
07/01/2020,Tue,94.95
08/01/2020,Wed,105.29
09/01/2020,Thu,29.81
10/01/2020,Fri,10.3
11/01/2020,Sat,58.15
12/01/2020,Sun,55.74
13/01/2020,Mon,62.42
14/01/2020,Tue,68.85
15/01/2020,Wed,111.13
16/01/2020,Thu,40.2
17/01/2020,Fri,53.72
18/01/2020,Sat,14.65
19/01/2020,Sun,127.76
20/01/2020,Mon,54.04
21/01/2020,Tue,12.1
22/01/2020,Wed,19.3
23/01/2020,Thu,58.59
24/01/2020,Fri,42.43
25/01/2020,Sat,44.26
26/01/2020,Sun,83.34
27/01/2020,Mon,102.15
28/01/2020,Tue,177.55
29/01/2020,Wed,46.53
30/01/2020,Thu,137.4
31/01/2020,Fri,248.36
01/02/2020,Sat,114.64
02/02/2020,Sun,54.86
03/02/2020,Mon,108.64
04/02/2020,Tue,70.54
05/02/2020,Wed,92.92
06/02/2020,Thu,58.53
07/02/2020,Fri,53.44
08/02/2020,Sat,57.62
09/02/2020,Sun,27.2
10/02/2020,Mon,61.57
11/02/2020,Tue,34.36
12/02/2020,Wed,63.33
13/02/2020,Thu,39.25
14/02/2020,Fri,52.49
15/02/2020,Sat,86.21
16/02/2020,Sun,53.12
17/02/2020,Mon,66.68
18/02/2020,Tue,35.85
19/02/2020,Wed,101.92
20/02/2020,Thu,77.78
21/02/2020,Fri,82.92
22/02/2020,Sat,28.2
23/02/2020,Sun,65.33
24/02/2020,Mon,93.18
25/02/2020,Tue,388.12
26/02/2020,Wed,109.69
27/02/2020,Thu,212.21
28/02/2020,Fri,360.14
29/02/2020,Sat,647.86
01/03/2020,Sun,199.5
02/03/2020,Mon,201.53
03/03/2020,Tue,325.54
04/03/2020,Wed,323.56
05/03/2020,Thu,197.17
06/03/2020,Fri,255.77
07/03/2020,Sat,209.87
08/03/2020,Sun,394.79
09/03/2020,Mon,509.19
10/03/2020,Tue,822.47
11/03/2020,Wed,357.24
12/03/2020,Thu,321.78
13/03/2020,Fri,409.89
14/03/2020,Sat,590.13
15/03/2020,Sun,1229.76
16/03/2020,Mon,453.25
17/03/2020,Tue,623.11
18/03/2020,Wed,494.46
19/03/2020,Thu,621.34
20/03/2020,Fri,939.58
21/03/2020,Sat,429.25
22/03/2020,Sun,889.94
23/03/2020,Mon,491.15
24/03/2020,Tue,358.79
25/03/2020,Wed,435.62
26/03/2020,Thu,712.53
27/03/2020,Fri,396.87
28/03/2020,Sat,423.85
29/03/2020,Sun,678.59
30/03/2020,Mon,183.67
31/03/2020,Tue,286.15
01/04/2020,Wed,370.87
02/04/2020,Thu,393.89
03/04/2020,Fri,207.65
04/04/2020,Sat,214.98
05/04/2020,Sun,753.44
06/04/2020,Mon,364.22
07/04/2020,Tue,463.95
08/04/2020,Wed,285.79
09/04/2020,Thu,203.41
10/04/2020,Fri,330.69
11/04/2020,Sat,376.38
12/04/2020,Sun,559
13/04/2020,Mon,311.21
14/04/2020,Tue,178.24
15/04/2020,Wed,179.98
16/04/2020,Thu,173.1
17/04/2020,Fri,240.98
18/04/2020,Sat,188.61
19/04/2020,Sun,514.86
20/04/2020,Mon,241.9
21/04/2020,Tue,270.74
22/04/2020,Wed,211.44
23/04/2020,Thu,314.33
24/04/2020,Fri,212.75
25/04/2020,Sat,322.31
26/04/2020,Sun,601.63
27/04/2020,Mon,544.81
28/04/2020,Tue,406.83
29/04/2020,Wed,215.48
30/04/2020,Thu,297.41
01/05/2020,Fri,199.13
02/05/2020,Sat,369.69
03/05/2020,Sun,315.76
04/05/2020,Mon,242.89
05/05/2020,Tue,222.51
06/05/2020,Wed,143.03
07/05/2020,Thu,322.31
08/05/2020,Fri,135.65
09/05/2020,Sat,122.9
10/05/2020,Sun,159.93
11/05/2020,Mon,377.59
12/05/2020,Tue,156.51
13/05/2020,Wed,176.04
14/05/2020,Thu,241.45
15/05/2020,Fri,190.15
16/05/2020,Sat,291.43
17/05/2020,Sun,322.95
18/05/2020,Mon,268.63
19/05/2020,Tue,251.24
20/05/2020,Wed,301.2
21/05/2020,Thu,34.27
22/05/2020,Fri,150.51
23/05/2020,Sat,163.44
24/05/2020,Sun,287.03
25/05/2020,Mon,195.34
26/05/2020,Tue,124.61
27/05/2020,Wed,267.67
28/05/2020,Thu,132.94
29/05/2020,Fri,106.19
30/05/2020,Sat,349.86
31/05/2020,Sun,576.88
01/06/2020,Mon,35.02
02/06/2020,Tue,60.54
03/06/2020,Wed,91.94
04/06/2020,Thu,21.68
05/06/2020,Fri,242.01
06/06/2020,Sat,88.82
07/06/2020,Sun,272.81
08/06/2020,Mon,223.07
09/06/2020,Tue,181.38
10/06/2020,Wed,100.37
11/06/2020,Thu,286.11
12/06/2020,Fri,243.69
13/06/2020,Sat,163.33
14/06/2020,Sun,198.75
15/06/2020,Mon,262.83
16/06/2020,Tue,338.43
17/06/2020,Wed,178.47
18/06/2020,Thu,60.56
19/06/2020,Fri,104.01
20/06/2020,Sat,178.06
21/06/2020,Sun,194.44
22/06/2020,Mon,208.2
23/06/2020,Tue,111.95
24/06/2020,Wed,90.63
25/06/2020,Thu,96.75
26/06/2020,Fri,193.43
27/06/2020,Sat,271.94
28/06/2020,Sun,297.98
29/06/2020,Mon,188.51
30/06/2020,Tue,233.01
01/07/2020,Wed,99.85
02/07/2020,Thu,48.56
03/07/2020,Fri,91.41
04/07/2020,Sat,96.1
05/07/2020,Sun,334.64
06/07/2020,Mon,173.51
07/07/2020,Tue,179.41
08/07/2020,Wed,104.79
09/07/2020,Thu,60.54
10/07/2020,Fri,52.36
11/07/2020,Sat,17.84
12/07/2020,Sun,280.77
13/07/2020,Mon,167.4
14/07/2020,Tue,96.02
15/07/2020,Wed,154.34
16/07/2020,Thu,131.3
17/07/2020,Fri,128.96
18/07/2020,Sat,92.83
19/07/2020,Sun,504.06
20/07/2020,Mon,169.39
21/07/2020,Tue,70.37
22/07/2020,Wed,93.11
23/07/2020,Thu,47.78
24/07/2020,Fri,165.1
25/07/2020,Sat,104.96
26/07/2020,Sun,196.03
27/07/2020,Mon,310.6
28/07/2020,Tue,39.47
29/07/2020,Wed,117.5
30/07/2020,Thu,140.52
31/07/2020,Fri,89.35
01/08/2020,Sat,53.33
02/08/2020,Sun,203.75
03/08/2020,Mon,106.74
04/08/2020,Tue,156.05
05/08/2020,Wed,166.7
06/08/2020,Thu,92.26
07/08/2020,Fri,50.98
08/08/2020,Sat,107.06
09/08/2020,Sun,147.27
10/08/2020,Mon,163.97
11/08/2020,Tue,134.69
12/08/2020,Wed,110.59
13/08/2020,Thu,70.69
14/08/2020,Fri,90.78
15/08/2020,Sat,53.26
16/08/2020,Sun,64.95
17/08/2020,Mon,230.08
18/08/2020,Tue,214.21
19/08/2020,Wed,133.54
20/08/2020,Thu,80.68
21/08/2020,Fri,75.09
22/08/2020,Sat,121.27
23/08/2020,Sun,233.94
24/08/2020,Mon,105.15
25/08/2020,Tue,40.07
26/08/2020,Wed,120.41
27/08/2020,Thu,69.39
28/08/2020,Fri,75.27
29/08/2020,Sat,209.88
30/08/2020,Sun,57.62
31/08/2020,Mon,88.79
01/09/2020,Tue,104.85
02/09/2020,Wed,96.89
03/09/2020,Thu,148.25
04/09/2020,Fri,134.77
05/09/2020,Sat,67.79
06/09/2020,Sun,251.12
07/09/2020,Mon,51.6
08/09/2020,Tue,57.61
09/09/2020,Wed,129.44
10/09/2020,Thu,91.61
11/09/2020,Fri,83.77
12/09/2020,Sat,114.91
13/09/2020,Sun,341.22
14/09/2020,Mon,224.86
15/09/2020,Tue,179.94
16/09/2020,Wed,200.05
17/09/2020,Thu,188.28
18/09/2020,Fri,72.64
19/09/2020,Sat,82.01
20/09/2020,Sun,377.51
21/09/2020,Mon,51.8
22/09/2020,Tue,114.59
23/09/2020,Wed,52.99
24/09/2020,Thu,79.39
25/09/2020,Fri,192.7
26/09/2020,Sat,64.4
27/09/2020,Sun,169.57
28/09/2020,Mon,231.34
29/09/2020,Tue,141.05
30/09/2020,Wed,146.85
01/10/2020,Thu,65.93
02/10/2020,Fri,154.89
03/10/2020,Sat,95.81
04/10/2020,Sun,168.52
05/10/2020,Mon,68.47
06/10/2020,Tue,271.02
07/10/2020,Wed,136.16
08/10/2020,Thu,67.32
09/10/2020,Fri,153.93
10/10/2020,Sat,160.31
11/10/2020,Sun,326.89
12/10/2020,Mon,253.52
13/10/2020,Tue,77.31
14/10/2020,Wed,183.8
15/10/2020,Thu,76.31
16/10/2020,Fri,35.89
17/10/2020,Sat,81.35
18/10/2020,Sun,351.97
19/10/2020,Mon,159.23
20/10/2020,Tue,127.99
21/10/2020,Wed,82.99
22/10/2020,Thu,77.08
23/10/2020,Fri,140.59
24/10/2020,Sat,185.35
25/10/2020,Sun,151.72
26/10/2020,Mon,220.99
27/10/2020,Tue,105.24
28/10/2020,Wed,163.91
29/10/2020,Thu,239.34
30/10/2020,Fri,434.66
31/10/2020,Sat,340.99
01/11/2020,Sun,178.33
02/11/2020,Mon,219.96
03/11/2020,Tue,70.42
04/11/2020,Wed,245.86
05/11/2020,Thu,204.6
06/11/2020,Fri,99.96
07/11/2020,Sat,146.37
08/11/2020,Sun,79.28
09/11/2020,Mon,90.23
10/11/2020,Tue,51.71
11/11/2020,Wed,193.96
12/11/2020,Thu,287.93
13/11/2020,Fri,50
14/11/2020,Sat,96.07
15/11/2020,Sun,147.77
16/11/2020,Mon,126.28
17/11/2020,Tue,66.24
18/11/2020,Wed,54.92
19/11/2020,Thu,63.19
20/11/2020,Fri,86.34
21/11/2020,Sat,83
22/11/2020,Sun,227.7
23/11/2020,Mon,277.39
24/11/2020,Tue,256.75
25/11/2020,Wed,351.65
26/11/2020,Thu,89.91
27/11/2020,Fri,72.75
28/11/2020,Sat,35.57
29/11/2020,Sun,90.49
30/11/2020,Mon,161.98
01/12/2020,Tue,79.16
02/12/2020,Wed,32.94
03/12/2020,Thu,23.74
04/12/2020,Fri,12.2
05/12/2020,Sat,33.01
06/12/2020,Sun,79.62
07/12/2020,Mon,122.81
08/12/2020,Tue,53.54
09/12/2020,Wed,66.52
10/12/2020,Thu,35.36
11/12/2020,Fri,60.71
12/12/2020,Sat,81.71
13/12/2020,Sun,314.2
14/12/2020,Mon,89.54
15/12/2020,Tue,65.98
16/12/2020,Wed,21.32
17/12/2020,Thu,59.1
18/12/2020,Fri,77.51
19/12/2020,Sat,34.23
20/12/2020,Sun,228.01
21/12/2020,Mon,35.35
22/12/2020,Tue,28.13
23/12/2020,Wed,24.47
24/12/2020,Thu,14.8
25/12/2020,Fri,51.32
26/12/2020,Sat,42.06
27/12/2020,Sun,125.67
28/12/2020,Mon,151.78
29/12/2020,Tue,101.83
30/12/2020,Wed,99.19
31/12/2020,Thu,42.09
01/01/2021,Fri,185.18
02/01/2021,Sat,58.08
03/01/2021,Sun,191.72
04/01/2021,Mon,105.18
05/01/2021,Tue,107.27
06/01/2021,Wed,190.29
07/01/2021,Thu,121.55
08/01/2021,Fri,75.23
09/01/2021,Sat,33.94
10/01/2021,Sun,259.64
11/01/2021,Mon,176.98
12/01/2021,Tue,157.24
13/01/2021,Wed,53.88
14/01/2021,Thu,46.44
15/01/2021,Fri,84.08
16/01/2021,Sat,51.87
17/01/2021,Sun,162.91
18/01/2021,Mon,40.01
19/01/2021,Tue,40.8
20/01/2021,Wed,22.03
21/01/2021,Thu,48.44
22/01/2021,Fri,12.4
23/01/2021,Sat,85.69
24/01/2021,Sun,184.49
25/01/2021,Mon,17.74
26/01/2021,Tue,186.19
27/01/2021,Wed,188.69
28/01/2021,Thu,141.53
29/01/2021,Fri,85.59
30/01/2021,Sat,67.35
31/01/2021,Sun,108.71
01/02/2021,Mon,104.12
02/02/2021,Tue,121.21
03/02/2021,Wed,64.27
04/02/2021,Thu,77.71
05/02/2021,Fri,70.65
06/02/2021,Sat,16.58
07/02/2021,Sun,31.1
08/02/2021,Mon,116.37
09/02/2021,Tue,79.27
10/02/2021,Wed,55.35
11/02/2021,Thu,46.27
12/02/2021,Fri,62.28
13/02/2021,Sat,165.14
14/02/2021,Sun,146.03
15/02/2021,Mon,96.23
16/02/2021,Tue,71.24
17/02/2021,Wed,11.25
18/02/2021,Thu,119
19/02/2021,Fri,12.29
20/02/2021,Sat,67.09
21/02/2021,Sun,49.06
22/02/2021,Mon,16.66
23/02/2021,Tue,91.57
24/02/2021,Wed,63.68
25/02/2021,Thu,45.56
26/02/2021,Fri,49.19
27/02/2021,Sat,16.21
28/02/2021,Sun,144.43
01/03/2021,Mon,170.05
02/03/2021,Tue,25.9
03/03/2021,Wed,43.87
04/03/2021,Thu,33.79
05/03/2021,Fri,174.67
06/03/2021,Sat,182.86
07/03/2021,Sun,32.67
08/03/2021,Mon,121.6
09/03/2021,Tue,13.13
10/03/2021,Wed,33
11/03/2021,Thu,173.5
12/03/2021,Fri,36.88
13/03/2021,Sat,16.9
14/03/2021,Sun,67.28
15/03/2021,Mon,52.9
16/03/2021,Tue,13.66
17/03/2021,Wed,67.96
18/03/2021,Thu,46.48
19/03/2021,Fri,62.32
20/03/2021,Sat,32.76
21/03/2021,Sun,64.51
22/03/2021,Mon,51.94
23/03/2021,Tue,13.5
24/03/2021,Wed,111.46
25/03/2021,Thu,35.28
26/03/2021,Fri,37.47
27/03/2021,Sat,33.64
28/03/2021,Sun,126.88
29/03/2021,Mon,17.37
30/03/2021,Tue,13.42
31/03/2021,Wed,67.74
01/04/2021,Thu,118.55
02/04/2021,Fri,51.39
03/04/2021,Sat,124.9
04/04/2021,Sun,125.31
05/04/2021,Mon,18.45
06/04/2021,Tue,41.76
07/04/2021,Wed,44.49
08/04/2021,Thu,58.53
09/04/2021,Fri,113.9
10/04/2021,Sat,70.17
11/04/2021,Sun,240.63
12/04/2021,Mon,55.01
13/04/2021,Tue,40.8
14/04/2021,Wed,32.2
15/04/2021,Thu,22.77
16/04/2021,Fri,50.96
17/04/2021,Sat,84.18
18/04/2021,Sun,33.95
19/04/2021,Mon,121.44
20/04/2021,Tue,39.79
21/04/2021,Wed,33.63
22/04/2021,Thu,58.7
23/04/2021,Fri,136.04
24/04/2021,Sat,67.87
25/04/2021,Sun,66.6
26/04/2021,Mon,121.14
27/04/2021,Tue,13.32
28/04/2021,Wed,75.77
29/04/2021,Thu,68.15
30/04/2021,Fri,50.17
01/05/2021,Sat,84.32
02/05/2021,Sun,67.49
03/05/2021,Mon,105.06
04/05/2021,Tue,41.33
05/05/2021,Wed,22.81
06/05/2021,Thu,23.76
07/05/2021,Fri,25.68
08/05/2021,Sat,17.88
09/05/2021,Sun,136.11
10/05/2021,Mon,53.73
11/05/2021,Tue,41.19
12/05/2021,Wed,10.97
13/05/2021,Thu,11.46
14/05/2021,Fri,12.65
15/05/2021,Sat,17.85
16/05/2021,Sun,51.54
17/05/2021,Mon,35.94
18/05/2021,Tue,67.26
19/05/2021,Wed,111.45
20/05/2021,Thu,119.84
21/05/2021,Fri,106.1
22/05/2021,Sat,53.72
23/05/2021,Sun,171.51
24/05/2021,Mon,17.97
25/05/2021,Tue,96.49
26/05/2021,Wed,11.13
27/05/2021,Thu,11.65
28/05/2021,Fri,12.98
29/05/2021,Sat,36.56
30/05/2021,Sun,34.58
31/05/2021,Mon,28.22
01/06/2021,Tue,15.62
02/06/2021,Wed,23.3
03/06/2021,Thu,48.38
04/06/2021,Fri,25.76
05/06/2021,Sat,55.24
06/06/2021,Sun,68.2
07/06/2021,Mon,18.46
08/06/2021,Tue,58.35
09/06/2021,Wed,104.71
10/06/2021,Thu,23.33
11/06/2021,Fri,38.85
12/06/2021,Sat,37.51
13/06/2021,Sun,53.47
14/06/2021,Mon,127.87
15/06/2021,Tue,101.53
16/06/2021,Wed,72.42
17/06/2021,Thu,50.22
18/06/2021,Fri,80.87
19/06/2021,Sat,18.95
20/06/2021,Sun,204.83
21/06/2021,Mon,38.46
22/06/2021,Tue,14.72
23/06/2021,Wed,24.6
24/06/2021,Thu,24.95
25/06/2021,Fri,13.7
26/06/2021,Sat,19.37
27/06/2021,Sun,110.52
28/06/2021,Mon,38.74
29/06/2021,Tue,15.22
30/06/2021,Wed,49.07
01/07/2021,Thu,25.94
02/07/2021,Fri,14.18
03/07/2021,Sat,19.87
04/07/2021,Sun,55.28
05/07/2021,Mon,109.38
06/07/2021,Tue,34.18
07/07/2021,Wed,38.01
08/07/2021,Thu,38.62
09/07/2021,Fri,14.01
10/07/2021,Sat,80.72
11/07/2021,Sun,366.23
12/07/2021,Mon,40.16
13/07/2021,Tue,61.89
14/07/2021,Wed,24.98
15/07/2021,Thu,13.2
16/07/2021,Fri,110.66
17/07/2021,Sat,237.65
18/07/2021,Sun,89.34
19/07/2021,Mon,39.31
20/07/2021,Tue,62.83
21/07/2021,Wed,85.79
22/07/2021,Thu,38.21
23/07/2021,Fri,13.58
24/07/2021,Sat,19.72
25/07/2021,Sun,86.41
26/07/2021,Mon,19.48
27/07/2021,Tue,87.54
28/07/2021,Wed,110.3
29/07/2021,Thu,38.28
30/07/2021,Fri,40.66
31/07/2021,Sat,19.45
01/08/2021,Sun,176.01
02/08/2021,Mon,19.41
03/08/2021,Tue,14.74
04/08/2021,Wed,47.53
05/08/2021,Thu,99.84
06/08/2021,Fri,13.48
07/08/2021,Sat,19.16
08/08/2021,Sun,17.72
09/08/2021,Mon,138.86
10/08/2021,Tue,28.72
11/08/2021,Wed,72.58
12/08/2021,Thu,76.19
13/08/2021,Fri,13.42
14/08/2021,Sat,19.49
15/08/2021,Sun,208.91
16/08/2021,Mon,38.74
17/08/2021,Tue,201.68
18/08/2021,Wed,69.6
19/08/2021,Thu,49.09
20/08/2021,Fri,13.35
21/08/2021,Sat,18.77
22/08/2021,Sun,206.35
23/08/2021,Mon,76.03
24/08/2021,Tue,28.87
25/08/2021,Wed,81.17
26/08/2021,Thu,12.16
27/08/2021,Fri,12.27
28/08/2021,Sat,17.01
29/08/2021,Sun,16.35
30/08/2021,Mon,18.79
31/08/2021,Tue,42.85
01/09/2021,Wed,11.2
02/09/2021,Thu,48.52
03/09/2021,Fri,49.37
04/09/2021,Sat,17.46
05/09/2021,Sun,69.33
06/09/2021,Mon,58.87
07/09/2021,Tue,126.12
08/09/2021,Wed,81.45
09/09/2021,Thu,58.05
10/09/2021,Fri,11.95
11/09/2021,Sat,31.98
12/09/2021,Sun,139.01
13/09/2021,Mon,160.7
14/09/2021,Tue,166.79
15/09/2021,Wed,11.36
16/09/2021,Thu,35.72
17/09/2021,Fri,12.28
18/09/2021,Sat,16.89
19/09/2021,Sun,16.18
20/09/2021,Mon,146.94
21/09/2021,Tue,281.83
22/09/2021,Wed,172.2
23/09/2021,Thu,23.55
24/09/2021,Fri,24.3
25/09/2021,Sat,33.81
26/09/2021,Sun,96.49
27/09/2021,Mon,143.59
28/09/2021,Tue,41.99
29/09/2021,Wed,44.72
30/09/2021,Thu,68.98
01/10/2021,Fri,70.87
02/10/2021,Sat,66.7
03/10/2021,Sun,15.73
04/10/2021,Mon,107.13
05/10/2021,Tue,13.6
06/10/2021,Wed,102.87
07/10/2021,Thu,82.45
08/10/2021,Fri,36.59
09/10/2021,Sat,33.94
10/10/2021,Sun,16.15
11/10/2021,Mon,18.88
12/10/2021,Tue,28.43
13/10/2021,Wed,45.33
14/10/2021,Thu,11.43
15/10/2021,Fri,37.07
16/10/2021,Sat,32.9
17/10/2021,Sun,215.27
18/10/2021,Mon,18.44
19/10/2021,Tue,14.05
20/10/2021,Wed,22.61
21/10/2021,Thu,92.46
22/10/2021,Fri,12.25
23/10/2021,Sat,16.72
24/10/2021,Sun,65.43
25/10/2021,Mon,54.32
26/10/2021,Tue,69.58
27/10/2021,Wed,101.17
28/10/2021,Thu,57.06
29/10/2021,Fri,24.12
30/10/2021,Sat,16.28
31/10/2021,Sun,16.15
01/11/2021,Mon,127.18
02/11/2021,Tue,26.74
03/11/2021,Wed,216.7
04/11/2021,Thu,187.34
05/11/2021,Fri,215.79
06/11/2021,Sat,301.82
07/11/2021,Sun,338.45
08/11/2021,Mon,358.99
09/11/2021,Tue,257.17
10/11/2021,Wed,22.6
11/11/2021,Thu,12.28
12/11/2021,Fri,12.64
13/11/2021,Sat,17.24
14/11/2021,Sun,79.85
15/11/2021,Mon,99.72
16/11/2021,Tue,42.1
17/11/2021,Wed,57.79
18/11/2021,Thu,35.75
19/11/2021,Fri,25.16
20/11/2021,Sat,17.25
21/11/2021,Sun,48.19
22/11/2021,Mon,18.56
23/11/2021,Tue,28.81
24/11/2021,Wed,12.72
25/11/2021,Thu,38.3
26/11/2021,Fri,45.48
27/11/2021,Sat,213.71
28/11/2021,Sun,154.74
29/11/2021,Mon,54.3
30/11/2021,Tue,111.66
01/12/2021,Wed,113.42
02/12/2021,Thu,106.94
03/12/2021,Fri,180.95
04/12/2021,Sat,162.43
05/12/2021,Sun,16.96
06/12/2021,Mon,18.39
07/12/2021,Tue,70.19
08/12/2021,Wed,23.7
09/12/2021,Thu,24.22
10/12/2021,Fri,52.19
11/12/2021,Sat,111.82
12/12/2021,Sun,191.41
13/12/2021,Mon,18.87
14/12/2021,Tue,43.16
15/12/2021,Wed,35.71
16/12/2021,Thu,62.91
17/12/2021,Fri,159.57
18/12/2021,Sat,36.82
19/12/2021,Sun,84.68
20/12/2021,Mon,58.79
21/12/2021,Tue,134.62
22/12/2021,Wed,135.63
23/12/2021,Thu,66.7
24/12/2021,Fri,81.14
25/12/2021,Sat,333.57
26/12/2021,Sun,366.06
27/12/2021,Mon,218.69
28/12/2021,Tue,49.81
29/12/2021,Wed,57.65
30/12/2021,Thu,86.41
31/12/2021,Fri,120.62
01/01/2022,Sat,222.61
02/01/2022,Sun,120.22
03/01/2022,Mon,112.25
04/01/2022,Tue,33.62
05/01/2022,Wed,42.88
06/01/2022,Thu,86.93
07/01/2022,Fri,20.1
08/01/2022,Sat,45.76
09/01/2022,Sun,90.78
10/01/2022,Mon,100.45
11/01/2022,Tue,21.43
12/01/2022,Wed,225.35
13/01/2022,Thu,83.55
14/01/2022,Fri,115.98
15/01/2022,Sat,76.9
16/01/2022,Sun,168.53
17/01/2022,Mon,34.02
18/01/2022,Tue,33.69
19/01/2022,Wed,8.13
20/01/2022,Thu,49.95
21/01/2022,Fri,87.59
22/01/2022,Sat,61.26
23/01/2022,Sun,61.37
24/01/2022,Mon,73.26
25/01/2022,Tue,234.53
26/01/2022,Wed,144.59
27/01/2022,Thu,169.89
28/01/2022,Fri,48.52
29/01/2022,Sat,110.78
30/01/2022,Sun,306.93
31/01/2022,Mon,157.03
01/02/2022,Tue,136.45
02/02/2022,Wed,171.84
03/02/2022,Thu,115.14
04/02/2022,Fri,39.3
05/02/2022,Sat,30.89
06/02/2022,Sun,137.03
07/02/2022,Mon,28.42
08/02/2022,Tue,10.51
09/02/2022,Wed,31.37
10/02/2022,Thu,49.65
11/02/2022,Fri,59.3
12/02/2022,Sat,119.68
13/02/2022,Sun,131.51
14/02/2022,Mon,114.88
15/02/2022,Tue,42.75
16/02/2022,Wed,38.92
17/02/2022,Thu,66.56
18/02/2022,Fri,133.01
19/02/2022,Sat,91.75
20/02/2022,Sun,122.3
21/02/2022,Mon,63.24
22/02/2022,Tue,34.09
23/02/2022,Wed,73.48
24/02/2022,Thu,85.22
25/02/2022,Fri,168.78
26/02/2022,Sat,216.87
27/02/2022,Sun,136.23
28/02/2022,Mon,73.7
01/03/2022,Tue,84.97
02/03/2022,Wed,121.46
03/03/2022,Thu,164.71
04/03/2022,Fri,58.61
05/03/2022,Sat,108.12
06/03/2022,Sun,104.01
07/03/2022,Mon,56.91
08/03/2022,Tue,143.3
09/03/2022,Wed,107.69
10/03/2022,Thu,142.35
11/03/2022,Fri,188.09
12/03/2022,Sat,112.77
13/03/2022,Sun,227.64
14/03/2022,Mon,246.05
15/03/2022,Tue,91.68
16/03/2022,Wed,93.49
17/03/2022,Thu,111.31
18/03/2022,Fri,122.22
19/03/2022,Sat,84.36
20/03/2022,Sun,172.07
21/03/2022,Mon,153.11
22/03/2022,Tue,69.19
23/03/2022,Wed,98.22
24/03/2022,Thu,70.71
25/03/2022,Fri,102.17
26/03/2022,Sat,137.25
27/03/2022,Sun,258.25
28/03/2022,Mon,119.08
29/03/2022,Tue,184.66
30/03/2022,Wed,110.86
31/03/2022,Thu,96.02
01/04/2022,Fri,69.12
02/04/2022,Sat,33.04
03/04/2022,Sun,47.36
04/04/2022,Mon,58.15
05/04/2022,Tue,101.63
06/04/2022,Wed,128.5
07/04/2022,Thu,78.46
08/04/2022,Fri,20.62
09/04/2022,Sat,81.69
10/04/2022,Sun,295.73
11/04/2022,Mon,193.19
12/04/2022,Tue,34.16
13/04/2022,Wed,51.43
14/04/2022,Thu,103.15
15/04/2022,Fri,41.63
16/04/2022,Sat,34.83
17/04/2022,Sun,32.7
18/04/2022,Mon,76.98
19/04/2022,Tue,239.84
20/04/2022,Wed,75.77
21/04/2022,Thu,69.98
22/04/2022,Fri,90.54
23/04/2022,Sat,66.02
24/04/2022,Sun,45.49
25/04/2022,Mon,131.45
26/04/2022,Tue,44.42
27/04/2022,Wed,33.48
28/04/2022,Thu,60.13
29/04/2022,Fri,131.51
30/04/2022,Sat,327.42
01/05/2022,Sun,113.96
02/05/2022,Mon,73.17
03/05/2022,Tue,110.17
04/05/2022,Wed,199.17
05/05/2022,Thu,130.68
06/05/2022,Fri,250.97
07/05/2022,Sat,67.62
08/05/2022,Sun,277.25
09/05/2022,Mon,129.57
10/05/2022,Tue,112.36
11/05/2022,Wed,92.85
12/05/2022,Thu,68.63
13/05/2022,Fri,120.14
14/05/2022,Sat,94.75
15/05/2022,Sun,94.39
16/05/2022,Mon,57.32
17/05/2022,Tue,22.37
18/05/2022,Wed,125.3
19/05/2022,Thu,131.05
20/05/2022,Fri,149.55
21/05/2022,Sat,200.66
22/05/2022,Sun,167.08
23/05/2022,Mon,179.29
24/05/2022,Tue,92.7
25/05/2022,Wed,172.07
26/05/2022,Thu,166.85
27/05/2022,Fri,231.82
28/05/2022,Sat,32.78
29/05/2022,Sun,165.64
30/05/2022,Mon,48.78
31/05/2022,Tue,25.72
01/06/2022,Wed,69.88
02/06/2022,Thu,116.11
03/06/2022,Fri,81.92
04/06/2022,Sat,16.62
05/06/2022,Sun,60.22
06/06/2022,Mon,45.61
07/06/2022,Tue,69.52
08/06/2022,Wed,61.53
09/06/2022,Thu,113.22
10/06/2022,Fri,92.05
11/06/2022,Sat,35.14
12/06/2022,Sun,95.94
13/06/2022,Mon,93.86
14/06/2022,Tue,35.2
15/06/2022,Wed,53.8
16/06/2022,Thu,152.05
17/06/2022,Fri,70.87
18/06/2022,Sat,85.74
19/06/2022,Sun,152.69
20/06/2022,Mon,33.32
21/06/2022,Tue,98.16
22/06/2022,Wed,118.73
23/06/2022,Thu,55
24/06/2022,Fri,84.02
25/06/2022,Sat,68.51
26/06/2022,Sun,276.25
27/06/2022,Mon,80.28
28/06/2022,Tue,72.94
29/06/2022,Wed,52.98
30/06/2022,Thu,172.69
01/07/2022,Fri,188.65
02/07/2022,Sat,34.45
03/07/2022,Sun,51.31
04/07/2022,Mon,109.05
05/07/2022,Tue,56.09
06/07/2022,Wed,77.5
07/07/2022,Thu,95.37
08/07/2022,Fri,74.24
09/07/2022,Sat,55.05
10/07/2022,Sun,114.31
11/07/2022,Mon,33.04
12/07/2022,Tue,61.95
13/07/2022,Wed,46.66
14/07/2022,Thu,141.31
15/07/2022,Fri,107.08
16/07/2022,Sat,55.19
17/07/2022,Sun,133.23
18/07/2022,Mon,48.3
19/07/2022,Tue,108.18
20/07/2022,Wed,149.94
21/07/2022,Thu,119.9
22/07/2022,Fri,115.32
23/07/2022,Sat,106.76
24/07/2022,Sun,150.93
25/07/2022,Mon,79.82
26/07/2022,Tue,50.23
27/07/2022,Wed,194.15
28/07/2022,Thu,180.36
29/07/2022,Fri,86.11
30/07/2022,Sat,54.47
31/07/2022,Sun,115.53
01/08/2022,Mon,265.4
02/08/2022,Tue,60.94
03/08/2022,Wed,125.84
04/08/2022,Thu,104.16
05/08/2022,Fri,126.28
06/08/2022,Sat,90.02
07/08/2022,Sun,165.08
08/08/2022,Mon,259.28
09/08/2022,Tue,87.15
10/08/2022,Wed,120.54
11/08/2022,Thu,141.42
12/08/2022,Fri,106.87
13/08/2022,Sat,74.14
14/08/2022,Sun,50.45
15/08/2022,Mon,111.66
16/08/2022,Tue,59.72
17/08/2022,Wed,99.81
18/08/2022,Thu,9.12
19/08/2022,Fri,114.81
20/08/2022,Sat,114.9
21/08/2022,Sun,128.43
22/08/2022,Mon,446.93
23/08/2022,Tue,58.62
24/08/2022,Wed,70.68
25/08/2022,Thu,79.66
26/08/2022,Fri,58.58
27/08/2022,Sat,47.79
28/08/2022,Sun,61.43
29/08/2022,Mon,105.7
30/08/2022,Tue,127.62
31/08/2022,Wed,85.8
01/09/2022,Thu,42.39
02/09/2022,Fri,36.42
03/09/2022,Sat,14.56
04/09/2022,Sun,206.11
05/09/2022,Mon,46.61
06/09/2022,Tue,60.81
07/09/2022,Wed,96.27
08/09/2022,Thu,38.83
09/09/2022,Fri,47.57
10/09/2022,Sat,28.75
11/09/2022,Sun,29.05
12/09/2022,Mon,186.29
13/09/2022,Tue,22
14/09/2022,Wed,33.52
15/09/2022,Thu,181.06
16/09/2022,Fri,73.17
17/09/2022,Sat,160.71
18/09/2022,Sun,145.85
19/09/2022,Mon,14.36
20/09/2022,Tue,65.92
21/09/2022,Wed,106.16
22/09/2022,Thu,171.54
23/09/2022,Fri,121.27
24/09/2022,Sat,28.94
25/09/2022,Sun,58.94
26/09/2022,Mon,85.1
27/09/2022,Tue,145.78
28/09/2022,Wed,142.8
29/09/2022,Thu,34.05
30/09/2022,Fri,102.04
01/10/2022,Sat,42.71
02/10/2022,Sun,542.1
03/10/2022,Mon,171.21
04/10/2022,Tue,164.15
05/10/2022,Wed,210.92
06/10/2022,Thu,77.47
07/10/2022,Fri,28.39
08/10/2022,Sat,103.93
09/10/2022,Sun,197.14
10/10/2022,Mon,74.79
11/10/2022,Tue,22.91
12/10/2022,Wed,50.15
13/10/2022,Thu,50.96
14/10/2022,Fri,258.67
15/10/2022,Sat,72.37
16/10/2022,Sun,58.25
17/10/2022,Mon,56.99
18/10/2022,Tue,43.13
19/10/2022,Wed,67.88
20/10/2022,Thu,83.43
21/10/2022,Fri,9.46
22/10/2022,Sat,14.74
23/10/2022,Sun,99.57
24/10/2022,Mon,157.87
25/10/2022,Tue,122.36
26/10/2022,Wed,133.09
27/10/2022,Thu,196.18
28/10/2022,Fri,137.82
29/10/2022,Sat,14.45
30/10/2022,Sun,86.98
,,
