Date,Day,USEPUINDXD
01/12/2017,Fri,86.95
02/12/2017,Sat,93.82
03/12/2017,Sun,87.52
04/12/2017,Mon,101.07
05/12/2017,Tue,95.44
06/12/2017,Wed,57.79
07/12/2017,Thu,40.69
08/12/2017,Fri,63.52
09/12/2017,Sat,129.89
10/12/2017,Sun,87.45
11/12/2017,Mon,81.46
12/12/2017,Tue,66.43
13/12/2017,Wed,52.01
14/12/2017,Thu,32.59
15/12/2017,Fri,104.84
16/12/2017,Sat,95.65
17/12/2017,Sun,141.38
18/12/2017,Mon,94.77
19/12/2017,Tue,82.4
20/12/2017,Wed,57.2
21/12/2017,Thu,92.94
22/12/2017,Fri,72.69
23/12/2017,Sat,133.94
24/12/2017,Sun,158.85
25/12/2017,Mon,101.81
26/12/2017,Tue,106.31
27/12/2017,Wed,58.44
28/12/2017,Thu,63.24
29/12/2017,Fri,146.43
30/12/2017,Sat,45.33
31/12/2017,Sun,174.9
01/01/2018,Mon,178.3
02/01/2018,Tue,111.2
03/01/2018,Wed,52.45
04/01/2018,Thu,243.48
05/01/2018,Fri,108.68
06/01/2018,Sat,83.81
07/01/2018,Sun,164.82
08/01/2018,Mon,77.28
09/01/2018,Tue,157.58
10/01/2018,Wed,89.18
11/01/2018,Thu,111.72
12/01/2018,Fri,107.69
13/01/2018,Sat,171.33
14/01/2018,Sun,176.99
15/01/2018,Mon,272.42
16/01/2018,Tue,61.57
17/01/2018,Wed,61.83
18/01/2018,Thu,115.86
19/01/2018,Fri,88.34
20/01/2018,Sat,85.4
21/01/2018,Sun,132.01
22/01/2018,Mon,110.72
23/01/2018,Tue,74.52
24/01/2018,Wed,93.27
25/01/2018,Thu,77.97
26/01/2018,Fri,110
27/01/2018,Sat,109.21
28/01/2018,Sun,105.65
29/01/2018,Mon,85.23
30/01/2018,Tue,68.45
31/01/2018,Wed,71.84
01/02/2018,Thu,49.78
02/02/2018,Fri,61.2
03/02/2018,Sat,44
04/02/2018,Sun,145.1
05/02/2018,Mon,145.79
06/02/2018,Tue,92.59
07/02/2018,Wed,58.29
08/02/2018,Thu,89.29
09/02/2018,Fri,82.68
10/02/2018,Sat,138.06
11/02/2018,Sun,145.19
12/02/2018,Mon,80.89
13/02/2018,Tue,104.55
14/02/2018,Wed,107.01
15/02/2018,Thu,88.63
16/02/2018,Fri,80.52
17/02/2018,Sat,63.93
18/02/2018,Sun,103.24
19/02/2018,Mon,53.44
20/02/2018,Tue,80.15
21/02/2018,Wed,95.81
22/02/2018,Thu,50.25
23/02/2018,Fri,55.72
24/02/2018,Sat,42.18
25/02/2018,Sun,126.87
26/02/2018,Mon,68.6
27/02/2018,Tue,52.64
28/02/2018,Wed,46.68
01/03/2018,Thu,69.3
02/03/2018,Fri,39.63
03/03/2018,Sat,34.62
04/03/2018,Sun,98.68
05/03/2018,Mon,148.37
06/03/2018,Tue,133.87
07/03/2018,Wed,87.33
08/03/2018,Thu,57
09/03/2018,Fri,132.57
10/03/2018,Sat,67.61
11/03/2018,Sun,170.78
12/03/2018,Mon,107.4
13/03/2018,Tue,54.85
14/03/2018,Wed,79.61
15/03/2018,Thu,43.98
16/03/2018,Fri,110.96
17/03/2018,Sat,132.51
18/03/2018,Sun,83.03
19/03/2018,Mon,74.64
20/03/2018,Tue,79.32
21/03/2018,Wed,55.83
22/03/2018,Thu,57.36
23/03/2018,Fri,66.64
24/03/2018,Sat,53.2
25/03/2018,Sun,61.37
26/03/2018,Mon,89.77
27/03/2018,Tue,22.48
28/03/2018,Wed,26.48
29/03/2018,Thu,16.75
30/03/2018,Fri,44.07
31/03/2018,Sat,67.64
01/04/2018,Sun,111.65
02/04/2018,Mon,167.71
03/04/2018,Tue,88.73
04/04/2018,Wed,52.9
05/04/2018,Thu,109.08
06/04/2018,Fri,70.62
07/04/2018,Sat,106.96
08/04/2018,Sun,151.12
09/04/2018,Mon,275.14
10/04/2018,Tue,56.17
11/04/2018,Wed,79.88
12/04/2018,Thu,190.11
13/04/2018,Fri,141.34
14/04/2018,Sat,71.29
15/04/2018,Sun,84.7
16/04/2018,Mon,65.26
17/04/2018,Tue,65.55
18/04/2018,Wed,71.44
19/04/2018,Thu,46.61
20/04/2018,Fri,47.54
21/04/2018,Sat,19.59
22/04/2018,Sun,70.06
23/04/2018,Mon,66.91
24/04/2018,Tue,35.09
25/04/2018,Wed,108.69
26/04/2018,Thu,68.42
27/04/2018,Fri,25.82
28/04/2018,Sat,57.83
29/04/2018,Sun,65
30/04/2018,Mon,86.67
01/05/2018,Tue,101.87
02/05/2018,Wed,95.92
03/05/2018,Thu,57.16
04/05/2018,Fri,38.51
05/05/2018,Sat,175.19
06/05/2018,Sun,122.37
07/05/2018,Mon,96.74
08/05/2018,Tue,100.02
09/05/2018,Wed,62.2
10/05/2018,Thu,74.02
11/05/2018,Fri,78.27
12/05/2018,Sat,115.07
13/05/2018,Sun,71.37
14/05/2018,Mon,127.21
15/05/2018,Tue,42.73
16/05/2018,Wed,50.06
17/05/2018,Thu,74.49
18/05/2018,Fri,129.32
19/05/2018,Sat,118.29
20/05/2018,Sun,57.04
21/05/2018,Mon,87.84
22/05/2018,Tue,92.17
23/05/2018,Wed,171.23
24/05/2018,Thu,48.9
25/05/2018,Fri,102.1
26/05/2018,Sat,45.88
27/05/2018,Sun,75.5
28/05/2018,Mon,49.45
29/05/2018,Tue,50.44
30/05/2018,Wed,135.21
31/05/2018,Thu,77.32
01/06/2018,Fri,109.62
02/06/2018,Sat,110.85
03/06/2018,Sun,56.64
04/06/2018,Mon,80.79
05/06/2018,Tue,36.31
06/06/2018,Wed,37.98
07/06/2018,Thu,55.99
08/06/2018,Fri,112.51
09/06/2018,Sat,152.77
10/06/2018,Sun,170.95
11/06/2018,Mon,138.36
12/06/2018,Tue,235.59
13/06/2018,Wed,137.07
14/06/2018,Thu,96.72
15/06/2018,Fri,68.71
16/06/2018,Sat,82.17
17/06/2018,Sun,105.3
18/06/2018,Mon,79.32
19/06/2018,Tue,165.86
20/06/2018,Wed,222.05
21/06/2018,Thu,71.67
22/06/2018,Fri,80.35
23/06/2018,Sat,40.76
24/06/2018,Sun,85.36
25/06/2018,Mon,63.53
26/06/2018,Tue,218.91
27/06/2018,Wed,39.58
28/06/2018,Thu,89.28
29/06/2018,Fri,54.02
30/06/2018,Sat,114.66
01/07/2018,Sun,136.2
02/07/2018,Mon,80.26
03/07/2018,Tue,119.73
04/07/2018,Wed,87.2
05/07/2018,Thu,80.07
06/07/2018,Fri,184.49
07/07/2018,Sat,121.36
08/07/2018,Sun,164.84
09/07/2018,Mon,110.48
10/07/2018,Tue,81.98
11/07/2018,Wed,40.76
12/07/2018,Thu,84.92
13/07/2018,Fri,74.75
14/07/2018,Sat,54.33
15/07/2018,Sun,146.72
16/07/2018,Mon,89.31
17/07/2018,Tue,58.55
18/07/2018,Wed,75.12
19/07/2018,Thu,55.33
20/07/2018,Fri,132.11
21/07/2018,Sat,108.3
22/07/2018,Sun,156.61
23/07/2018,Mon,78.59
24/07/2018,Tue,77.37
25/07/2018,Wed,57.92
26/07/2018,Thu,104.65
27/07/2018,Fri,61.47
28/07/2018,Sat,99.78
29/07/2018,Sun,117.4
30/07/2018,Mon,153.38
31/07/2018,Tue,91.35
01/08/2018,Wed,57.71
02/08/2018,Thu,117.93
03/08/2018,Fri,87.73
04/08/2018,Sat,107.88
05/08/2018,Sun,141.99
06/08/2018,Mon,112.91
07/08/2018,Tue,72.24
08/08/2018,Wed,56.98
09/08/2018,Thu,69.96
10/08/2018,Fri,76.97
11/08/2018,Sat,44.22
12/08/2018,Sun,109.73
13/08/2018,Mon,88.52
14/08/2018,Tue,55.18
15/08/2018,Wed,20.08
16/08/2018,Thu,30.89
17/08/2018,Fri,62.36
18/08/2018,Sat,96.63
19/08/2018,Sun,96.59
20/08/2018,Mon,45.18
21/08/2018,Tue,81.92
22/08/2018,Wed,38.52
23/08/2018,Thu,89.75
24/08/2018,Fri,80.33
25/08/2018,Sat,139.94
26/08/2018,Sun,96.04
27/08/2018,Mon,108.44
28/08/2018,Tue,165.65
29/08/2018,Wed,92.96
30/08/2018,Thu,90.46
31/08/2018,Fri,121.46
01/09/2018,Sat,46.12
02/09/2018,Sun,98.8
03/09/2018,Mon,115.11
04/09/2018,Tue,74.36
05/09/2018,Wed,37.66
06/09/2018,Thu,68.5
07/09/2018,Fri,67.9
08/09/2018,Sat,89.41
09/09/2018,Sun,92.74
10/09/2018,Mon,47.25
11/09/2018,Tue,49.37
12/09/2018,Wed,40.31
13/09/2018,Thu,29.73
14/09/2018,Fri,36.1
15/09/2018,Sat,62.01
16/09/2018,Sun,103.72
17/09/2018,Mon,100.71
18/09/2018,Tue,71.72
19/09/2018,Wed,74.06
20/09/2018,Thu,54.24
21/09/2018,Fri,88.17
22/09/2018,Sat,74.22
23/09/2018,Sun,124.25
24/09/2018,Mon,89.13
25/09/2018,Tue,55.65
26/09/2018,Wed,37.16
27/09/2018,Thu,22.95
28/09/2018,Fri,52.38
29/09/2018,Sat,33.38
30/09/2018,Sun,83.77
01/10/2018,Mon,166.69
02/10/2018,Tue,130.93
03/10/2018,Wed,107.49
04/10/2018,Thu,119.36
05/10/2018,Fri,66.64
06/10/2018,Sat,66.47
07/10/2018,Sun,197.77
08/10/2018,Mon,112.49
09/10/2018,Tue,31.39
10/10/2018,Wed,58.99
11/10/2018,Thu,68.38
12/10/2018,Fri,103.11
13/10/2018,Sat,70.22
14/10/2018,Sun,92.58
15/10/2018,Mon,85.8
16/10/2018,Tue,109.71
17/10/2018,Wed,77.94
18/10/2018,Thu,100.13
19/10/2018,Fri,70.3
20/10/2018,Sat,61.88
21/10/2018,Sun,118.94
22/10/2018,Mon,89.49
23/10/2018,Tue,52.04
24/10/2018,Wed,73.6
25/10/2018,Thu,89.53
26/10/2018,Fri,65.53
27/10/2018,Sat,79.2
28/10/2018,Sun,136.61
29/10/2018,Mon,64.23
30/10/2018,Tue,51.28
31/10/2018,Wed,79.07
01/11/2018,Thu,84.17
02/11/2018,Fri,82.99
03/11/2018,Sat,77.39
04/11/2018,Sun,223.53
05/11/2018,Mon,90.47
06/11/2018,Tue,148.95
07/11/2018,Wed,61.17
08/11/2018,Thu,51.63
09/11/2018,Fri,41.01
10/11/2018,Sat,54.44
11/11/2018,Sun,64.34
12/11/2018,Mon,42.33
13/11/2018,Tue,64.87
14/11/2018,Wed,53.94
15/11/2018,Thu,55.04
16/11/2018,Fri,30.47
17/11/2018,Sat,34.95
18/11/2018,Sun,90.25
19/11/2018,Mon,10.92
20/11/2018,Tue,29.26
21/11/2018,Wed,46.86
22/11/2018,Thu,21.81
23/11/2018,Fri,24.17
24/11/2018,Sat,49.06
25/11/2018,Sun,168.06
26/11/2018,Mon,168.44
27/11/2018,Tue,93.08
28/11/2018,Wed,100.92
29/11/2018,Thu,183.21
30/11/2018,Fri,136.43
01/12/2018,Sat,142.31
02/12/2018,Sun,167.46
03/12/2018,Mon,158.49
04/12/2018,Tue,109.29
05/12/2018,Wed,83.26
06/12/2018,Thu,110.19
07/12/2018,Fri,101.45
08/12/2018,Sat,123.21
09/12/2018,Sun,130.49
10/12/2018,Mon,71.08
11/12/2018,Tue,88.44
12/12/2018,Wed,57.97
13/12/2018,Thu,121.67
14/12/2018,Fri,86.56
15/12/2018,Sat,90.26
16/12/2018,Sun,186.66
17/12/2018,Mon,101.75
18/12/2018,Tue,103.24
19/12/2018,Wed,114.17
20/12/2018,Thu,79.38
21/12/2018,Fri,144.91
22/12/2018,Sat,10.92
23/12/2018,Sun,261.36
24/12/2018,Mon,141.79
25/12/2018,Tue,171.11
26/12/2018,Wed,198.19
27/12/2018,Thu,161.1
28/12/2018,Fri,156.65
29/12/2018,Sat,116.81
30/12/2018,Sun,213.53
31/12/2018,Mon,149.82
01/01/2019,Tue,204.03
02/01/2019,Wed,146.97
03/01/2019,Thu,212.58
04/01/2019,Fri,153.15
05/01/2019,Sat,4.7
06/01/2019,Sun,230.39
07/01/2019,Mon,148.61
08/01/2019,Tue,259.25
09/01/2019,Wed,120.42
10/01/2019,Thu,148.84
11/01/2019,Fri,170.68
12/01/2019,Sat,175.61
13/01/2019,Sun,120.96
14/01/2019,Mon,223.58
15/01/2019,Tue,104.39
16/01/2019,Wed,173.46
17/01/2019,Thu,168.92
18/01/2019,Fri,154.17
19/01/2019,Sat,109
20/01/2019,Sun,178.48
21/01/2019,Mon,216.29
22/01/2019,Tue,107.95
23/01/2019,Wed,88.26
24/01/2019,Thu,106.06
25/01/2019,Fri,105.17
26/01/2019,Sat,107.16
27/01/2019,Sun,218.94
28/01/2019,Mon,73.71
29/01/2019,Tue,62.53
30/01/2019,Wed,123.71
31/01/2019,Thu,126.24
01/02/2019,Fri,95.81
02/02/2019,Sat,82.06
03/02/2019,Sun,134.38
04/02/2019,Mon,216.31
05/02/2019,Tue,87.75
06/02/2019,Wed,145.25
07/02/2019,Thu,93.79
08/02/2019,Fri,76.81
09/02/2019,Sat,49.63
10/02/2019,Sun,95.37
11/02/2019,Mon,59.53
12/02/2019,Tue,45.91
13/02/2019,Wed,93.01
14/02/2019,Thu,35.99
15/02/2019,Fri,55.54
16/02/2019,Sat,27.08
17/02/2019,Sun,10.92
18/02/2019,Mon,57.35
19/02/2019,Tue,79.79
20/02/2019,Wed,65.36
21/02/2019,Thu,87.44
22/02/2019,Fri,115.34
23/02/2019,Sat,93.12
24/02/2019,Sun,4.05
25/02/2019,Mon,84.03
26/02/2019,Tue,68.54
27/02/2019,Wed,128.81
28/02/2019,Thu,125.24
01/03/2019,Fri,110.76
02/03/2019,Sat,118.68
03/03/2019,Sun,101.11
04/03/2019,Mon,71.01
05/03/2019,Tue,138.38
06/03/2019,Wed,78.64
07/03/2019,Thu,138.86
08/03/2019,Fri,81.81
09/03/2019,Sat,67.73
10/03/2019,Sun,138.96
11/03/2019,Mon,161.35
12/03/2019,Tue,93.23
13/03/2019,Wed,81.38
14/03/2019,Thu,56.33
15/03/2019,Fri,66.48
16/03/2019,Sat,65.37
17/03/2019,Sun,101.36
18/03/2019,Mon,77.23
19/03/2019,Tue,82.83
20/03/2019,Wed,75.89
21/03/2019,Thu,91.17
22/03/2019,Fri,83.99
23/03/2019,Sat,102.4
24/03/2019,Sun,127.53
25/03/2019,Mon,69.27
26/03/2019,Tue,78.28
27/03/2019,Wed,92.66
28/03/2019,Thu,53.74
29/03/2019,Fri,91.25
30/03/2019,Sat,101.92
31/03/2019,Sun,134.75
01/04/2019,Mon,117.34
02/04/2019,Tue,130.56
03/04/2019,Wed,81.95
04/04/2019,Thu,82.78
05/04/2019,Fri,50.15
06/04/2019,Sat,108.22
07/04/2019,Sun,127.54
08/04/2019,Mon,58.07
09/04/2019,Tue,60.19
10/04/2019,Wed,71.78
11/04/2019,Thu,54.57
12/04/2019,Fri,75.79
13/04/2019,Sat,66.73
14/04/2019,Sun,161.23
15/04/2019,Mon,76.25
16/04/2019,Tue,58.1
17/04/2019,Wed,63.24
18/04/2019,Thu,56.96
19/04/2019,Fri,48.34
20/04/2019,Sat,52.37
21/04/2019,Sun,83.39
22/04/2019,Mon,78.68
23/04/2019,Tue,56.96
24/04/2019,Wed,60.14
25/04/2019,Thu,76.31
26/04/2019,Fri,67.89
27/04/2019,Sat,56.25
28/04/2019,Sun,107.52
29/04/2019,Mon,97.53
30/04/2019,Tue,75.34
01/05/2019,Wed,112.75
02/05/2019,Thu,30.2
03/05/2019,Fri,57.65
04/05/2019,Sat,71.39
05/05/2019,Sun,98.38
06/05/2019,Mon,93.78
07/05/2019,Tue,111.09
08/05/2019,Wed,101.81
09/05/2019,Thu,67.46
10/05/2019,Fri,108.12
11/05/2019,Sat,46.84
12/05/2019,Sun,155.26
13/05/2019,Mon,94.65
14/05/2019,Tue,126.65
15/05/2019,Wed,132.3
16/05/2019,Thu,94.72
17/05/2019,Fri,117.89
18/05/2019,Sat,95.04
19/05/2019,Sun,95.86
20/05/2019,Mon,95.08
21/05/2019,Tue,73.8
22/05/2019,Wed,69.8
23/05/2019,Thu,71.04
24/05/2019,Fri,144.24
25/05/2019,Sat,151.55
26/05/2019,Sun,138.34
27/05/2019,Mon,102.04
28/05/2019,Tue,69.48
29/05/2019,Wed,55.62
30/05/2019,Thu,50.84
31/05/2019,Fri,94.35
01/06/2019,Sat,97.55
02/06/2019,Sun,159.79
03/06/2019,Mon,72.86
04/06/2019,Tue,120.06
05/06/2019,Wed,217.51
06/06/2019,Thu,137.43
07/06/2019,Fri,242.25
08/06/2019,Sat,139.29
09/06/2019,Sun,174.61
10/06/2019,Mon,162.1
11/06/2019,Tue,130.24
12/06/2019,Wed,116.03
13/06/2019,Thu,143.87
14/06/2019,Fri,145.07
15/06/2019,Sat,175.49
16/06/2019,Sun,198.5
17/06/2019,Mon,82.16
18/06/2019,Tue,146.35
19/06/2019,Wed,77.89
20/06/2019,Thu,116.67
21/06/2019,Fri,178.92
22/06/2019,Sat,127.09
23/06/2019,Sun,245.77
24/06/2019,Mon,92.75
25/06/2019,Tue,74.19
26/06/2019,Wed,142.51
27/06/2019,Thu,64.08
28/06/2019,Fri,129.48
29/06/2019,Sat,96.2
30/06/2019,Sun,114.41
01/07/2019,Mon,174.62
02/07/2019,Tue,144.12
03/07/2019,Wed,126.27
04/07/2019,Thu,96.84
05/07/2019,Fri,72.83
06/07/2019,Sat,93.29
07/07/2019,Sun,180.55
08/07/2019,Mon,72.06
09/07/2019,Tue,40.14
10/07/2019,Wed,45.62
11/07/2019,Thu,103.84
12/07/2019,Fri,72.49
13/07/2019,Sat,126.95
14/07/2019,Sun,58.43
15/07/2019,Mon,72.19
16/07/2019,Tue,53.41
17/07/2019,Wed,77.06
18/07/2019,Thu,61.63
19/07/2019,Fri,61.84
20/07/2019,Sat,28.88
21/07/2019,Sun,112.14
22/07/2019,Mon,75.32
23/07/2019,Tue,114.24
24/07/2019,Wed,79.72
25/07/2019,Thu,40.68
26/07/2019,Fri,116.11
27/07/2019,Sat,174.53
28/07/2019,Sun,133.67
29/07/2019,Mon,86.97
30/07/2019,Tue,139.24
31/07/2019,Wed,103.01
01/08/2019,Thu,150.2
02/08/2019,Fri,117.41
03/08/2019,Sat,153.64
04/08/2019,Sun,87.14
05/08/2019,Mon,83.03
06/08/2019,Tue,84.05
07/08/2019,Wed,92.22
08/08/2019,Thu,93.48
09/08/2019,Fri,92.35
10/08/2019,Sat,57.72
11/08/2019,Sun,123.95
12/08/2019,Mon,109.59
13/08/2019,Tue,70.1
14/08/2019,Wed,133.71
15/08/2019,Thu,144.25
16/08/2019,Fri,105.71
17/08/2019,Sat,176.17
18/08/2019,Sun,196.87
19/08/2019,Mon,144.84
20/08/2019,Tue,229.29
21/08/2019,Wed,278.29
22/08/2019,Thu,186.06
23/08/2019,Fri,268.83
24/08/2019,Sat,386.19
25/08/2019,Sun,321.21
26/08/2019,Mon,267.98
27/08/2019,Tue,173.5
28/08/2019,Wed,132.75
29/08/2019,Thu,100.25
30/08/2019,Fri,116.43
31/08/2019,Sat,135.02
01/09/2019,Sun,242.38
02/09/2019,Mon,229.98
03/09/2019,Tue,95.61
04/09/2019,Wed,92.02
05/09/2019,Thu,106.57
06/09/2019,Fri,130.51
07/09/2019,Sat,160.77
08/09/2019,Sun,128.76
09/09/2019,Mon,65.84
10/09/2019,Tue,64.63
11/09/2019,Wed,58.52
12/09/2019,Thu,100.33
13/09/2019,Fri,103.12
14/09/2019,Sat,103.05
15/09/2019,Sun,154.3
16/09/2019,Mon,67.24
17/09/2019,Tue,79.18
18/09/2019,Wed,72.64
19/09/2019,Thu,184.82
20/09/2019,Fri,98.34
21/09/2019,Sat,139.28
22/09/2019,Sun,133.98
23/09/2019,Mon,134.52
24/09/2019,Tue,120.81
25/09/2019,Wed,144.83
26/09/2019,Thu,60.07
27/09/2019,Fri,101.26
28/09/2019,Sat,97.83
29/09/2019,Sun,165.02
30/09/2019,Mon,113
01/10/2019,Tue,65.08
02/10/2019,Wed,92.82
03/10/2019,Thu,46.59
04/10/2019,Fri,105.75
05/10/2019,Sat,200.44
06/10/2019,Sun,192.8
07/10/2019,Mon,137.56
08/10/2019,Tue,165.35
09/10/2019,Wed,62.58
10/10/2019,Thu,119.93
11/10/2019,Fri,95.08
12/10/2019,Sat,88.08
13/10/2019,Sun,80.63
14/10/2019,Mon,108.55
15/10/2019,Tue,68.05
16/10/2019,Wed,114.65
17/10/2019,Thu,156.8
18/10/2019,Fri,64.05
19/10/2019,Sat,60.31
20/10/2019,Sun,56.13
21/10/2019,Mon,57.74
22/10/2019,Tue,42.25
23/10/2019,Wed,80.02
24/10/2019,Thu,56.27
25/10/2019,Fri,67.88
26/10/2019,Sat,78.83
27/10/2019,Sun,166.39
28/10/2019,Mon,28.94
29/10/2019,Tue,134.13
30/10/2019,Wed,111.12
31/10/2019,Thu,133.29
01/11/2019,Fri,35.14
02/11/2019,Sat,135
03/11/2019,Sun,143.99
04/11/2019,Mon,75.66
05/11/2019,Tue,129.4
06/11/2019,Wed,48.77
07/11/2019,Thu,67.84
08/11/2019,Fri,127.43
09/11/2019,Sat,125.21
10/11/2019,Sun,118.98
11/11/2019,Mon,101.72
12/11/2019,Tue,89.57
13/11/2019,Wed,106.88
14/11/2019,Thu,53.75
15/11/2019,Fri,56.77
16/11/2019,Sat,91.22
17/11/2019,Sun,125.9
18/11/2019,Mon,19.85
19/11/2019,Tue,33.14
20/11/2019,Wed,46.27
21/11/2019,Thu,65.17
22/11/2019,Fri,83.86
23/11/2019,Sat,63.35
24/11/2019,Sun,110.11
25/11/2019,Mon,41.17
26/11/2019,Tue,37.49
27/11/2019,Wed,37.18
28/11/2019,Thu,97.06
29/11/2019,Fri,122.19
30/11/2019,Sat,41.19
01/12/2019,Sun,99.73
02/12/2019,Mon,86.08
03/12/2019,Tue,69.28
04/12/2019,Wed,64.18
05/12/2019,Thu,36.86
06/12/2019,Fri,134.85
07/12/2019,Sat,174.94
08/12/2019,Sun,219.84
09/12/2019,Mon,130.15
10/12/2019,Tue,189.13
11/12/2019,Wed,111.83
12/12/2019,Thu,99.79
13/12/2019,Fri,164.4
14/12/2019,Sat,139.75
15/12/2019,Sun,110.44
16/12/2019,Mon,79.66
17/12/2019,Tue,140.79
18/12/2019,Wed,89.87
19/12/2019,Thu,70.52
20/12/2019,Fri,141.48
21/12/2019,Sat,155.23
22/12/2019,Sun,190.14
23/12/2019,Mon,110.91
24/12/2019,Tue,97.08
25/12/2019,Wed,43.46
26/12/2019,Thu,106.92
27/12/2019,Fri,127.92
28/12/2019,Sat,123.1
29/12/2019,Sun,245.14
30/12/2019,Mon,101.31
31/12/2019,Tue,105.75
01/01/2020,Wed,186.06
02/01/2020,Thu,139.13
03/01/2020,Fri,108.1
04/01/2020,Sat,212.82
05/01/2020,Sun,173.76
06/01/2020,Mon,147.96
07/01/2020,Tue,103.98
08/01/2020,Wed,91.15
09/01/2020,Thu,71.92
10/01/2020,Fri,74.58
11/01/2020,Sat,127.36
12/01/2020,Sun,159.24
13/01/2020,Mon,124.82
14/01/2020,Tue,109.27
15/01/2020,Wed,98.77
16/01/2020,Thu,88.05
17/01/2020,Fri,77.76
18/01/2020,Sat,89.29
19/01/2020,Sun,162.21
20/01/2020,Mon,96.05
21/01/2020,Tue,87.56
22/01/2020,Wed,77.19
23/01/2020,Thu,70.67
24/01/2020,Fri,48.48
25/01/2020,Sat,78.77
26/01/2020,Sun,137.56
27/01/2020,Mon,22.25
28/01/2020,Tue,94.68
29/01/2020,Wed,88.62
30/01/2020,Thu,142.05
31/01/2020,Fri,122.2
01/02/2020,Sat,147.37
02/02/2020,Sun,104.49
03/02/2020,Mon,124.15
04/02/2020,Tue,111.96
05/02/2020,Wed,84.94
06/02/2020,Thu,81.75
07/02/2020,Fri,130.27
08/02/2020,Sat,87.8
09/02/2020,Sun,113.95
10/02/2020,Mon,111.39
11/02/2020,Tue,152.71
12/02/2020,Wed,79.26
13/02/2020,Thu,82.23
14/02/2020,Fri,71.98
15/02/2020,Sat,82.1
16/02/2020,Sun,131.52
17/02/2020,Mon,82.54
18/02/2020,Tue,77.38
19/02/2020,Wed,56.47
20/02/2020,Thu,103.7
21/02/2020,Fri,106.59
22/02/2020,Sat,177.27
23/02/2020,Sun,144.34
24/02/2020,Mon,88.73
25/02/2020,Tue,147.84
26/02/2020,Wed,97.49
27/02/2020,Thu,106.55
28/02/2020,Fri,172.45
29/02/2020,Sat,225.32
01/03/2020,Sun,175.73
02/03/2020,Mon,153.53
03/03/2020,Tue,132.55
04/03/2020,Wed,197.2
05/03/2020,Thu,118.02
06/03/2020,Fri,132.5
07/03/2020,Sat,122.57
08/03/2020,Sun,250.63
09/03/2020,Mon,276.24
10/03/2020,Tue,296.12
11/03/2020,Wed,234.73
12/03/2020,Thu,187.08
13/03/2020,Fri,330.85
14/03/2020,Sat,236.03
15/03/2020,Sun,468.43
16/03/2020,Mon,323.71
17/03/2020,Tue,378.92
18/03/2020,Wed,455.45
19/03/2020,Thu,514.67
20/03/2020,Fri,633.51
21/03/2020,Sat,538.95
22/03/2020,Sun,651.07
23/03/2020,Mon,572.94
24/03/2020,Tue,596.78
25/03/2020,Wed,449.86
26/03/2020,Thu,670.3
27/03/2020,Fri,557.18
28/03/2020,Sat,515.39
29/03/2020,Sun,743.13
30/03/2020,Mon,361.46
31/03/2020,Tue,516.55
01/04/2020,Wed,474.81
02/04/2020,Thu,738.02
03/04/2020,Fri,540.5
04/04/2020,Sat,636.21
05/04/2020,Sun,739.55
06/04/2020,Mon,605.38
07/04/2020,Tue,468.08
08/04/2020,Wed,524.13
09/04/2020,Thu,417.54
10/04/2020,Fri,461.87
11/04/2020,Sat,547.4
12/04/2020,Sun,558.22
13/04/2020,Mon,638.81
14/04/2020,Tue,441.32
15/04/2020,Wed,455.68
16/04/2020,Thu,505.52
17/04/2020,Fri,573.7
18/04/2020,Sat,529.03
19/04/2020,Sun,594.11
20/04/2020,Mon,618.66
21/04/2020,Tue,599.13
22/04/2020,Wed,511.42
23/04/2020,Thu,505.54
24/04/2020,Fri,562.5
25/04/2020,Sat,555.71
26/04/2020,Sun,855.17
27/04/2020,Mon,642.66
28/04/2020,Tue,479.89
29/04/2020,Wed,439.11
30/04/2020,Thu,440.07
01/05/2020,Fri,516.72
02/05/2020,Sat,387.24
03/05/2020,Sun,541.24
04/05/2020,Mon,449.38
05/05/2020,Tue,807.66
06/05/2020,Wed,498.71
07/05/2020,Thu,504.24
08/05/2020,Fri,488.53
09/05/2020,Sat,621.96
10/05/2020,Sun,536.09
11/05/2020,Mon,527.36
12/05/2020,Tue,442.15
13/05/2020,Wed,553.21
14/05/2020,Thu,508.02
15/05/2020,Fri,374.22
16/05/2020,Sat,385.27
17/05/2020,Sun,861.1
18/05/2020,Mon,511.62
19/05/2020,Tue,363.66
20/05/2020,Wed,420.68
21/05/2020,Thu,361.11
22/05/2020,Fri,418.96
23/05/2020,Sat,441.45
24/05/2020,Sun,458.16
25/05/2020,Mon,462.96
26/05/2020,Tue,389.21
27/05/2020,Wed,355.1
28/05/2020,Thu,421.99
29/05/2020,Fri,426.28
30/05/2020,Sat,418.18
31/05/2020,Sun,557.19
01/06/2020,Mon,226.8
02/06/2020,Tue,257.49
03/06/2020,Wed,287.17
04/06/2020,Thu,231.24
05/06/2020,Fri,235.07
06/06/2020,Sat,277.42
07/06/2020,Sun,391.21
08/06/2020,Mon,318.64
09/06/2020,Tue,191.32
10/06/2020,Wed,237.88
11/06/2020,Thu,317.86
12/06/2020,Fri,293.12
13/06/2020,Sat,373.28
14/06/2020,Sun,397.45
15/06/2020,Mon,300.34
16/06/2020,Tue,319.69
17/06/2020,Wed,348.4
18/06/2020,Thu,322.96
19/06/2020,Fri,450.64
20/06/2020,Sat,515.46
21/06/2020,Sun,413.51
22/06/2020,Mon,259.55
23/06/2020,Tue,309.15
24/06/2020,Wed,224.4
25/06/2020,Thu,225.72
26/06/2020,Fri,260.33
27/06/2020,Sat,276.22
28/06/2020,Sun,561.21
29/06/2020,Mon,301.58
30/06/2020,Tue,292.37
01/07/2020,Wed,329.62
02/07/2020,Thu,249.7
03/07/2020,Fri,412.01
04/07/2020,Sat,347.74
05/07/2020,Sun,415.94
06/07/2020,Mon,389.2
07/07/2020,Tue,278.61
08/07/2020,Wed,319.33
09/07/2020,Thu,267.49
10/07/2020,Fri,259.27
11/07/2020,Sat,237.89
12/07/2020,Sun,496.99
13/07/2020,Mon,212.54
14/07/2020,Tue,308.28
15/07/2020,Wed,352.74
16/07/2020,Thu,313.71
17/07/2020,Fri,555.06
18/07/2020,Sat,388.97
19/07/2020,Sun,640
20/07/2020,Mon,430.14
21/07/2020,Tue,423.52
22/07/2020,Wed,297.02
23/07/2020,Thu,282.1
24/07/2020,Fri,290.25
25/07/2020,Sat,279.85
26/07/2020,Sun,465.25
27/07/2020,Mon,521.96
28/07/2020,Tue,315.73
29/07/2020,Wed,370.27
30/07/2020,Thu,307.77
31/07/2020,Fri,384.08
01/08/2020,Sat,304.7
02/08/2020,Sun,405.97
03/08/2020,Mon,271.04
04/08/2020,Tue,391.33
05/08/2020,Wed,253.99
06/08/2020,Thu,285.63
07/08/2020,Fri,276.7
08/08/2020,Sat,353.43
09/08/2020,Sun,398.91
10/08/2020,Mon,388.62
11/08/2020,Tue,359.14
12/08/2020,Wed,202.2
13/08/2020,Thu,282.72
14/08/2020,Fri,345.8
15/08/2020,Sat,324.57
16/08/2020,Sun,531.9
17/08/2020,Mon,350.55
18/08/2020,Tue,341.68
19/08/2020,Wed,216.18
20/08/2020,Thu,250.25
21/08/2020,Fri,286.03
22/08/2020,Sat,217.76
23/08/2020,Sun,380.2
24/08/2020,Mon,186.9
25/08/2020,Tue,213.68
26/08/2020,Wed,154.27
27/08/2020,Thu,180.61
28/08/2020,Fri,296.28
29/08/2020,Sat,339.77
30/08/2020,Sun,296.28
31/08/2020,Mon,169.1
01/09/2020,Tue,204.69
02/09/2020,Wed,237.83
03/09/2020,Thu,243.52
04/09/2020,Fri,224.01
05/09/2020,Sat,258.22
06/09/2020,Sun,484.25
07/09/2020,Mon,491.37
08/09/2020,Tue,208.78
09/09/2020,Wed,209.54
10/09/2020,Thu,218.1
11/09/2020,Fri,237.03
12/09/2020,Sat,218.84
13/09/2020,Sun,318.66
14/09/2020,Mon,270.62
15/09/2020,Tue,245.27
16/09/2020,Wed,244.64
17/09/2020,Thu,248.91
18/09/2020,Fri,244.41
19/09/2020,Sat,187.42
20/09/2020,Sun,437.15
21/09/2020,Mon,177.56
22/09/2020,Tue,126.1
23/09/2020,Wed,161.46
24/09/2020,Thu,246.25
25/09/2020,Fri,252.32
26/09/2020,Sat,134.92
27/09/2020,Sun,317.07
28/09/2020,Mon,189.79
29/09/2020,Tue,185.6
30/09/2020,Wed,207.77
01/10/2020,Thu,259.5
02/10/2020,Fri,390.29
03/10/2020,Sat,340.62
04/10/2020,Sun,332.63
05/10/2020,Mon,273.84
06/10/2020,Tue,334.28
07/10/2020,Wed,426.88
08/10/2020,Thu,294.91
09/10/2020,Fri,306.7
10/10/2020,Sat,396.92
11/10/2020,Sun,492.14
12/10/2020,Mon,289.7
13/10/2020,Tue,220.87
14/10/2020,Wed,341.81
15/10/2020,Thu,141.19
16/10/2020,Fri,200.48
17/10/2020,Sat,161.13
18/10/2020,Sun,285.62
19/10/2020,Mon,249.35
20/10/2020,Tue,234.01
21/10/2020,Wed,158.05
22/10/2020,Thu,167.77
23/10/2020,Fri,138.34
24/10/2020,Sat,129.44
25/10/2020,Sun,369.86
26/10/2020,Mon,294.62
27/10/2020,Tue,187.07
28/10/2020,Wed,234.14
29/10/2020,Thu,298.36
30/10/2020,Fri,277.43
31/10/2020,Sat,186.36
01/11/2020,Sun,271.71
02/11/2020,Mon,418.93
03/11/2020,Tue,335.3
04/11/2020,Wed,370.7
05/11/2020,Thu,303.07
06/11/2020,Fri,390.29
07/11/2020,Sat,452.23
08/11/2020,Sun,416.76
09/11/2020,Mon,254.34
10/11/2020,Tue,192.03
11/11/2020,Wed,252.06
12/11/2020,Thu,184.25
13/11/2020,Fri,123.79
14/11/2020,Sat,225.66
15/11/2020,Sun,218.9
16/11/2020,Mon,254.24
17/11/2020,Tue,196.81
18/11/2020,Wed,154.81
19/11/2020,Thu,224.65
20/11/2020,Fri,230.2
21/11/2020,Sat,196.02
22/11/2020,Sun,359.33
23/11/2020,Mon,415.59
24/11/2020,Tue,262.51
25/11/2020,Wed,276.82
26/11/2020,Thu,157.55
27/11/2020,Fri,238.32
28/11/2020,Sat,149.05
29/11/2020,Sun,258.52
30/11/2020,Mon,156.15
01/12/2020,Tue,248.2
02/12/2020,Wed,156.7
03/12/2020,Thu,189.91
04/12/2020,Fri,215.13
05/12/2020,Sat,141.89
06/12/2020,Sun,363.84
07/12/2020,Mon,269.89
08/12/2020,Tue,259.64
09/12/2020,Wed,144.77
10/12/2020,Thu,256.04
11/12/2020,Fri,122.3
12/12/2020,Sat,141.22
13/12/2020,Sun,379.17
14/12/2020,Mon,186.91
15/12/2020,Tue,139.29
16/12/2020,Wed,136.12
17/12/2020,Thu,195.87
18/12/2020,Fri,146.67
19/12/2020,Sat,154.77
20/12/2020,Sun,196.41
21/12/2020,Mon,246.79
22/12/2020,Tue,147.55
23/12/2020,Wed,291.07
24/12/2020,Thu,256.16
25/12/2020,Fri,174.42
26/12/2020,Sat,699.78
27/12/2020,Sun,358.97
28/12/2020,Mon,217.47
29/12/2020,Tue,286.36
30/12/2020,Wed,368.46
31/12/2020,Thu,307.12
01/01/2021,Fri,429.48
02/01/2021,Sat,190.39
03/01/2021,Sun,324.05
04/01/2021,Mon,233.3
05/01/2021,Tue,208.61
06/01/2021,Wed,139.81
07/01/2021,Thu,124.29
08/01/2021,Fri,104.8
09/01/2021,Sat,115.22
10/01/2021,Sun,283.14
11/01/2021,Mon,308.7
12/01/2021,Tue,229.15
13/01/2021,Wed,223.57
14/01/2021,Thu,157.94
15/01/2021,Fri,149.93
16/01/2021,Sat,228.3
17/01/2021,Sun,209.94
18/01/2021,Mon,159.6
19/01/2021,Tue,170.18
20/01/2021,Wed,309.33
21/01/2021,Thu,280.95
22/01/2021,Fri,192
23/01/2021,Sat,147.81
24/01/2021,Sun,291.37
25/01/2021,Mon,241.85
26/01/2021,Tue,254.93
27/01/2021,Wed,251.13
28/01/2021,Thu,150
29/01/2021,Fri,248.96
30/01/2021,Sat,139.41
31/01/2021,Sun,199.79
01/02/2021,Mon,144.04
02/02/2021,Tue,282.75
03/02/2021,Wed,145.65
04/02/2021,Thu,129.36
05/02/2021,Fri,111.2
06/02/2021,Sat,99.84
07/02/2021,Sun,200.27
08/02/2021,Mon,232.61
09/02/2021,Tue,84.45
10/02/2021,Wed,113.01
11/02/2021,Thu,121.93
12/02/2021,Fri,211.29
13/02/2021,Sat,180
14/02/2021,Sun,153.61
15/02/2021,Mon,152.79
16/02/2021,Tue,150.29
17/02/2021,Wed,84.88
18/02/2021,Thu,148.02
19/02/2021,Fri,106.51
20/02/2021,Sat,107.05
21/02/2021,Sun,135.8
22/02/2021,Mon,132.3
23/02/2021,Tue,145.25
24/02/2021,Wed,186.94
25/02/2021,Thu,124.74
26/02/2021,Fri,223.25
27/02/2021,Sat,220.62
28/02/2021,Sun,194.65
01/03/2021,Mon,257.79
02/03/2021,Tue,122
03/03/2021,Wed,103.44
04/03/2021,Thu,76.48
05/03/2021,Fri,231.03
06/03/2021,Sat,206.96
07/03/2021,Sun,229.1
08/03/2021,Mon,328.48
09/03/2021,Tue,167.78
10/03/2021,Wed,195.33
11/03/2021,Thu,275.24
12/03/2021,Fri,106.71
13/03/2021,Sat,108.34
14/03/2021,Sun,216.17
15/03/2021,Mon,206.85
16/03/2021,Tue,87.46
17/03/2021,Wed,187.89
18/03/2021,Thu,180.02
19/03/2021,Fri,211.66
20/03/2021,Sat,301.26
21/03/2021,Sun,152.98
22/03/2021,Mon,275.36
23/03/2021,Tue,193.53
24/03/2021,Wed,126.24
25/03/2021,Thu,142.05
26/03/2021,Fri,108.99
27/03/2021,Sat,87.78
28/03/2021,Sun,155.99
29/03/2021,Mon,177.66
30/03/2021,Tue,121.16
31/03/2021,Wed,136.03
01/04/2021,Thu,76.09
02/04/2021,Fri,130.61
03/04/2021,Sat,120.78
04/04/2021,Sun,210.38
05/04/2021,Mon,181.6
06/04/2021,Tue,125.46
07/04/2021,Wed,205.44
08/04/2021,Thu,115.07
09/04/2021,Fri,115.04
10/04/2021,Sat,138.65
11/04/2021,Sun,300.55
12/04/2021,Mon,69.6
13/04/2021,Tue,112.82
14/04/2021,Wed,65.13
15/04/2021,Thu,111.93
16/04/2021,Fri,86.85
17/04/2021,Sat,108.04
18/04/2021,Sun,128.86
19/04/2021,Mon,92
20/04/2021,Tue,89.99
21/04/2021,Wed,100.71
22/04/2021,Thu,70.82
23/04/2021,Fri,102.84
24/04/2021,Sat,76.35
25/04/2021,Sun,106.95
26/04/2021,Mon,84.99
27/04/2021,Tue,165.42
28/04/2021,Wed,102.3
29/04/2021,Thu,153.32
30/04/2021,Fri,125.83
01/05/2021,Sat,107.85
02/05/2021,Sun,184.5
03/05/2021,Mon,297.27
04/05/2021,Tue,119.21
05/05/2021,Wed,176.89
06/05/2021,Thu,142.39
07/05/2021,Fri,170.41
08/05/2021,Sat,134.18
09/05/2021,Sun,114.95
10/05/2021,Mon,168.8
11/05/2021,Tue,175.89
12/05/2021,Wed,78.7
13/05/2021,Thu,94.65
14/05/2021,Fri,100.11
15/05/2021,Sat,53.8
16/05/2021,Sun,129.76
17/05/2021,Mon,128.94
18/05/2021,Tue,96.41
19/05/2021,Wed,147.69
20/05/2021,Thu,189.22
21/05/2021,Fri,108.94
22/05/2021,Sat,80.84
23/05/2021,Sun,181.82
24/05/2021,Mon,183.43
25/05/2021,Tue,145.6
26/05/2021,Wed,71.66
27/05/2021,Thu,70.25
28/05/2021,Fri,171.86
29/05/2021,Sat,20.63
30/05/2021,Sun,91.45
31/05/2021,Mon,74.69
01/06/2021,Tue,176.43
02/06/2021,Wed,83.31
03/06/2021,Thu,109.44
04/06/2021,Fri,68
05/06/2021,Sat,48.51
06/06/2021,Sun,122.76
07/06/2021,Mon,111.43
08/06/2021,Tue,109.81
09/06/2021,Wed,131.85
10/06/2021,Thu,122.88
11/06/2021,Fri,97.74
12/06/2021,Sat,63.44
13/06/2021,Sun,127.53
14/06/2021,Mon,117.23
15/06/2021,Tue,109.37
16/06/2021,Wed,104.83
17/06/2021,Thu,94.44
18/06/2021,Fri,142.32
19/06/2021,Sat,64.25
20/06/2021,Sun,95.85
21/06/2021,Mon,174.11
22/06/2021,Tue,100
23/06/2021,Wed,60.28
24/06/2021,Thu,113.04
25/06/2021,Fri,92.88
26/06/2021,Sat,73.15
27/06/2021,Sun,302.87
28/06/2021,Mon,168.47
29/06/2021,Tue,74.51
30/06/2021,Wed,133.65
01/07/2021,Thu,82.66
02/07/2021,Fri,133.09
03/07/2021,Sat,82.15
04/07/2021,Sun,160.07
05/07/2021,Mon,144.78
06/07/2021,Tue,199.58
07/07/2021,Wed,57.23
08/07/2021,Thu,67.69
09/07/2021,Fri,84.3
10/07/2021,Sat,113.6
11/07/2021,Sun,118.92
12/07/2021,Mon,144.11
13/07/2021,Tue,192.35
14/07/2021,Wed,98.68
15/07/2021,Thu,153.82
16/07/2021,Fri,140.71
17/07/2021,Sat,126.48
18/07/2021,Sun,216.59
19/07/2021,Mon,103.99
20/07/2021,Tue,130.37
21/07/2021,Wed,185.19
22/07/2021,Thu,91.1
23/07/2021,Fri,138.66
24/07/2021,Sat,89.31
25/07/2021,Sun,170.04
26/07/2021,Mon,125.45
27/07/2021,Tue,132.55
28/07/2021,Wed,152.66
29/07/2021,Thu,144.4
30/07/2021,Fri,133.44
31/07/2021,Sat,116.35
01/08/2021,Sun,125.09
02/08/2021,Mon,124.58
03/08/2021,Tue,77.81
04/08/2021,Wed,67.39
05/08/2021,Thu,179.01
06/08/2021,Fri,107.12
07/08/2021,Sat,57.9
08/08/2021,Sun,241.48
09/08/2021,Mon,134.96
10/08/2021,Tue,399.87
11/08/2021,Wed,96.07
12/08/2021,Thu,90.39
13/08/2021,Fri,101.4
14/08/2021,Sat,95.63
15/08/2021,Sun,91.76
16/08/2021,Mon,131.18
17/08/2021,Tue,113.72
18/08/2021,Wed,113.23
19/08/2021,Thu,78.58
20/08/2021,Fri,85.35
21/08/2021,Sat,70.76
22/08/2021,Sun,304.68
23/08/2021,Mon,177.96
24/08/2021,Tue,86.77
25/08/2021,Wed,74.18
26/08/2021,Thu,54.9
27/08/2021,Fri,69.52
28/08/2021,Sat,147.47
29/08/2021,Sun,105.19
30/08/2021,Mon,77.75
31/08/2021,Tue,166.77
01/09/2021,Wed,88.74
02/09/2021,Thu,72.75
03/09/2021,Fri,88.32
04/09/2021,Sat,78.8
05/09/2021,Sun,229.72
06/09/2021,Mon,222.33
07/09/2021,Tue,165.86
08/09/2021,Wed,118.66
09/09/2021,Thu,56.89
10/09/2021,Fri,72.22
11/09/2021,Sat,96.32
12/09/2021,Sun,152.3
13/09/2021,Mon,209.02
14/09/2021,Tue,135.76
15/09/2021,Wed,106.93
16/09/2021,Thu,44.76
17/09/2021,Fri,83.45
18/09/2021,Sat,63.85
19/09/2021,Sun,91.65
20/09/2021,Mon,159.31
21/09/2021,Tue,196.08
22/09/2021,Wed,98.64
23/09/2021,Thu,79.1
24/09/2021,Fri,86.86
25/09/2021,Sat,82.85
26/09/2021,Sun,108.75
27/09/2021,Mon,243.51
28/09/2021,Tue,126.3
29/09/2021,Wed,104.63
30/09/2021,Thu,142.53
01/10/2021,Fri,88.83
02/10/2021,Sat,100.28
03/10/2021,Sun,166.17
04/10/2021,Mon,148.03
05/10/2021,Tue,97.14
06/10/2021,Wed,145.53
07/10/2021,Thu,100.93
08/10/2021,Fri,96.69
09/10/2021,Sat,248.61
10/10/2021,Sun,122.3
11/10/2021,Mon,85.57
12/10/2021,Tue,90.52
13/10/2021,Wed,111.12
14/10/2021,Thu,94.34
15/10/2021,Fri,65.19
16/10/2021,Sat,86.82
17/10/2021,Sun,238.11
18/10/2021,Mon,159.77
19/10/2021,Tue,73.95
20/10/2021,Wed,59.85
21/10/2021,Thu,69.73
22/10/2021,Fri,101.73
23/10/2021,Sat,69.32
24/10/2021,Sun,185.92
25/10/2021,Mon,102.62
26/10/2021,Tue,99.45
27/10/2021,Wed,63.73
28/10/2021,Thu,90.49
29/10/2021,Fri,77.35
30/10/2021,Sat,61.28
31/10/2021,Sun,97.73
01/11/2021,Mon,136.17
02/11/2021,Tue,110.75
03/11/2021,Wed,188.57
04/11/2021,Thu,156.8
05/11/2021,Fri,211.53
06/11/2021,Sat,205.66
07/11/2021,Sun,264.34
08/11/2021,Mon,363.38
09/11/2021,Tue,149.84
10/11/2021,Wed,39
11/11/2021,Thu,65.66
12/11/2021,Fri,202.74
13/11/2021,Sat,79.21
14/11/2021,Sun,173.41
15/11/2021,Mon,107.9
16/11/2021,Tue,112.32
17/11/2021,Wed,114.88
18/11/2021,Thu,141.8
19/11/2021,Fri,120.37
20/11/2021,Sat,192.7
21/11/2021,Sun,87.77
22/11/2021,Mon,92.12
23/11/2021,Tue,98.64
24/11/2021,Wed,131.12
25/11/2021,Thu,58.34
26/11/2021,Fri,57.97
27/11/2021,Sat,44.45
28/11/2021,Sun,126.1
29/11/2021,Mon,103.8
30/11/2021,Tue,117.24
01/12/2021,Wed,108.42
02/12/2021,Thu,90.4
03/12/2021,Fri,219.57
04/12/2021,Sat,169.9
05/12/2021,Sun,173.55
06/12/2021,Mon,90.05
07/12/2021,Tue,121.78
08/12/2021,Wed,94.23
09/12/2021,Thu,59.47
10/12/2021,Fri,78.93
11/12/2021,Sat,84.96
12/12/2021,Sun,184.54
13/12/2021,Mon,214.47
14/12/2021,Tue,76.16
15/12/2021,Wed,103.8
16/12/2021,Thu,152.15
17/12/2021,Fri,130.93
18/12/2021,Sat,111.46
19/12/2021,Sun,185.69
20/12/2021,Mon,118.72
21/12/2021,Tue,164.17
22/12/2021,Wed,130.79
23/12/2021,Thu,171.54
24/12/2021,Fri,98.9
25/12/2021,Sat,203.29
26/12/2021,Sun,271.9
27/12/2021,Mon,179.41
28/12/2021,Tue,113.84
29/12/2021,Wed,84.18
30/12/2021,Thu,131.66
31/12/2021,Fri,132.09
01/01/2022,Sat,169.59
02/01/2022,Sun,157.01
03/01/2022,Mon,146.6
04/01/2022,Tue,192.08
05/01/2022,Wed,111.08
06/01/2022,Thu,235.1
07/01/2022,Fri,57.41
08/01/2022,Sat,139.45
09/01/2022,Sun,115.26
10/01/2022,Mon,120.25
11/01/2022,Tue,77.55
12/01/2022,Wed,91.97
13/01/2022,Thu,57.28
14/01/2022,Fri,73.63
15/01/2022,Sat,169.9
16/01/2022,Sun,507.73
17/01/2022,Mon,174.94
18/01/2022,Tue,77
19/01/2022,Wed,71.25
20/01/2022,Thu,72.93
21/01/2022,Fri,126.04
22/01/2022,Sat,52.51
23/01/2022,Sun,122.72
24/01/2022,Mon,273.48
25/01/2022,Tue,190.88
26/01/2022,Wed,146.78
27/01/2022,Thu,164.89
28/01/2022,Fri,129.34
29/01/2022,Sat,126.32
30/01/2022,Sun,179.99
31/01/2022,Mon,184.81
01/02/2022,Tue,143.53
02/02/2022,Wed,101.01
03/02/2022,Thu,93.56
04/02/2022,Fri,171.57
05/02/2022,Sat,111.26
06/02/2022,Sun,121.68
07/02/2022,Mon,97.27
08/02/2022,Tue,115.82
09/02/2022,Wed,83.48
10/02/2022,Thu,84.38
11/02/2022,Fri,67.68
12/02/2022,Sat,85.27
13/02/2022,Sun,155.44
14/02/2022,Mon,201.81
15/02/2022,Tue,109.46
16/02/2022,Wed,73.91
17/02/2022,Thu,107.1
18/02/2022,Fri,180.25
19/02/2022,Sat,139.8
20/02/2022,Sun,133.87
21/02/2022,Mon,114.2
22/02/2022,Tue,180.27
23/02/2022,Wed,89.64
24/02/2022,Thu,156.68
25/02/2022,Fri,161.59
26/02/2022,Sat,175.73
27/02/2022,Sun,160.39
28/02/2022,Mon,167.06
01/03/2022,Tue,188.05
02/03/2022,Wed,134.88
03/03/2022,Thu,204.82
04/03/2022,Fri,219.09
05/03/2022,Sat,212.98
06/03/2022,Sun,142.22
07/03/2022,Mon,164.7
08/03/2022,Tue,165.06
09/03/2022,Wed,142.59
10/03/2022,Thu,150.53
11/03/2022,Fri,232.96
12/03/2022,Sat,174.06
13/03/2022,Sun,352.88
14/03/2022,Mon,222.54
15/03/2022,Tue,154.33
16/03/2022,Wed,216.66
17/03/2022,Thu,137.82
18/03/2022,Fri,171.27
19/03/2022,Sat,100.89
20/03/2022,Sun,161.71
21/03/2022,Mon,239.83
22/03/2022,Tue,137.53
23/03/2022,Wed,116.56
24/03/2022,Thu,128.23
25/03/2022,Fri,209.01
26/03/2022,Sat,204.08
27/03/2022,Sun,396.7
28/03/2022,Mon,322.1
29/03/2022,Tue,193.93
30/03/2022,Wed,105.19
31/03/2022,Thu,81.85
01/04/2022,Fri,114.29
02/04/2022,Sat,160.34
03/04/2022,Sun,65.82
04/04/2022,Mon,115.67
05/04/2022,Tue,126.89
06/04/2022,Wed,168.21
07/04/2022,Thu,171.04
08/04/2022,Fri,124.74
09/04/2022,Sat,92.39
10/04/2022,Sun,324.04
11/04/2022,Mon,241.25
12/04/2022,Tue,103.12
13/04/2022,Wed,90.43
14/04/2022,Thu,142.29
15/04/2022,Fri,98.36
16/04/2022,Sat,85.21
17/04/2022,Sun,105.38
18/04/2022,Mon,93.03
19/04/2022,Tue,276.08
20/04/2022,Wed,95.07
21/04/2022,Thu,89.05
22/04/2022,Fri,148.56
23/04/2022,Sat,112.1
24/04/2022,Sun,131.87
25/04/2022,Mon,126.9
26/04/2022,Tue,130.06
27/04/2022,Wed,69.39
28/04/2022,Thu,80.21
29/04/2022,Fri,126.12
30/04/2022,Sat,281.5
01/05/2022,Sun,150.39
02/05/2022,Mon,99.33
03/05/2022,Tue,103.64
04/05/2022,Wed,123.78
05/05/2022,Thu,87.92
06/05/2022,Fri,212.5
07/05/2022,Sat,108.42
08/05/2022,Sun,307.96
09/05/2022,Mon,97.81
10/05/2022,Tue,135.75
11/05/2022,Wed,102.02
12/05/2022,Thu,144.73
13/05/2022,Fri,140
14/05/2022,Sat,130.88
15/05/2022,Sun,184.23
16/05/2022,Mon,124.37
17/05/2022,Tue,101.23
18/05/2022,Wed,97.83
19/05/2022,Thu,157.59
20/05/2022,Fri,185.12
21/05/2022,Sat,157.27
22/05/2022,Sun,247.4
23/05/2022,Mon,135.77
24/05/2022,Tue,135.79
25/05/2022,Wed,100.89
26/05/2022,Thu,132.56
27/05/2022,Fri,145.02
28/05/2022,Sat,61.72
29/05/2022,Sun,79.32
30/05/2022,Mon,82.99
31/05/2022,Tue,72.9
01/06/2022,Wed,161.66
02/06/2022,Thu,144.13
03/06/2022,Fri,163.85
04/06/2022,Sat,88.7
05/06/2022,Sun,139.95
06/06/2022,Mon,127.27
07/06/2022,Tue,167.65
08/06/2022,Wed,110.13
09/06/2022,Thu,112.11
10/06/2022,Fri,93.65
11/06/2022,Sat,80.16
12/06/2022,Sun,124.32
13/06/2022,Mon,95.37
14/06/2022,Tue,120.62
15/06/2022,Wed,140.82
16/06/2022,Thu,189.54
17/06/2022,Fri,108.29
18/06/2022,Sat,143.96
19/06/2022,Sun,184.49
20/06/2022,Mon,165.42
21/06/2022,Tue,140.11
22/06/2022,Wed,96.97
23/06/2022,Thu,96.96
24/06/2022,Fri,111.86
25/06/2022,Sat,91.56
26/06/2022,Sun,239.87
27/06/2022,Mon,140.94
28/06/2022,Tue,129.96
29/06/2022,Wed,135.33
30/06/2022,Thu,158.37
01/07/2022,Fri,177.73
02/07/2022,Sat,130.95
03/07/2022,Sun,135.95
04/07/2022,Mon,309.83
05/07/2022,Tue,116.59
06/07/2022,Wed,91.52
07/07/2022,Thu,93.67
08/07/2022,Fri,104.33
09/07/2022,Sat,104.17
10/07/2022,Sun,210.3
11/07/2022,Mon,200.3
12/07/2022,Tue,126.67
13/07/2022,Wed,52.82
14/07/2022,Thu,203.03
15/07/2022,Fri,210.77
16/07/2022,Sat,214.9
17/07/2022,Sun,195.72
18/07/2022,Mon,182.94
19/07/2022,Tue,177.18
20/07/2022,Wed,113.33
21/07/2022,Thu,132.76
22/07/2022,Fri,138.82
23/07/2022,Sat,100.99
24/07/2022,Sun,209.57
25/07/2022,Mon,120.62
26/07/2022,Tue,94.68
27/07/2022,Wed,181.99
28/07/2022,Thu,111
29/07/2022,Fri,130.23
30/07/2022,Sat,61.72
31/07/2022,Sun,118.84
01/08/2022,Mon,141.32
02/08/2022,Tue,96.66
03/08/2022,Wed,115.69
04/08/2022,Thu,78.43
05/08/2022,Fri,107.43
06/08/2022,Sat,265.44
07/08/2022,Sun,187.1
08/08/2022,Mon,227.88
09/08/2022,Tue,189.05
10/08/2022,Wed,84.3
11/08/2022,Thu,99.36
12/08/2022,Fri,48.55
13/08/2022,Sat,112.14
14/08/2022,Sun,95.08
15/08/2022,Mon,145.63
16/08/2022,Tue,103.94
17/08/2022,Wed,75.77
18/08/2022,Thu,92.67
19/08/2022,Fri,98.49
20/08/2022,Sat,49.35
21/08/2022,Sun,149.65
22/08/2022,Mon,169.02
23/08/2022,Tue,93.31
24/08/2022,Wed,137.29
25/08/2022,Thu,66.37
26/08/2022,Fri,121.88
27/08/2022,Sat,96.29
28/08/2022,Sun,138.76
29/08/2022,Mon,97.52
30/08/2022,Tue,83.23
31/08/2022,Wed,126.46
01/09/2022,Thu,75.93
02/09/2022,Fri,65.23
03/09/2022,Sat,65.72
04/09/2022,Sun,95.37
05/09/2022,Mon,158.69
06/09/2022,Tue,91.55
07/09/2022,Wed,87.66
08/09/2022,Thu,47.62
09/09/2022,Fri,66.03
10/09/2022,Sat,64.78
11/09/2022,Sun,141.95
12/09/2022,Mon,162.37
13/09/2022,Tue,95.35
14/09/2022,Wed,116.73
15/09/2022,Thu,118.58
16/09/2022,Fri,123.3
17/09/2022,Sat,125.98
18/09/2022,Sun,131.17
19/09/2022,Mon,65.09
20/09/2022,Tue,78.61
21/09/2022,Wed,70.88
22/09/2022,Thu,139.2
23/09/2022,Fri,133.87
24/09/2022,Sat,114.37
25/09/2022,Sun,127.96
26/09/2022,Mon,85.96
27/09/2022,Tue,194.98
28/09/2022,Wed,155.79
29/09/2022,Thu,93.12
30/09/2022,Fri,192.84
01/10/2022,Sat,101.92
02/10/2022,Sun,296.28
03/10/2022,Mon,146.03
04/10/2022,Tue,148.79
05/10/2022,Wed,153.24
06/10/2022,Thu,168.97
07/10/2022,Fri,139.82
08/10/2022,Sat,100.81
09/10/2022,Sun,128.12
10/10/2022,Mon,181.4
11/10/2022,Tue,155.85
12/10/2022,Wed,186.85
13/10/2022,Thu,169.02
14/10/2022,Fri,181
15/10/2022,Sat,120.5
16/10/2022,Sun,208.97
17/10/2022,Mon,129.29
18/10/2022,Tue,73.5
19/10/2022,Wed,70.78
20/10/2022,Thu,78.5
21/10/2022,Fri,107.55
22/10/2022,Sat,72.39
23/10/2022,Sun,140.17
24/10/2022,Mon,168.56
25/10/2022,Tue,105.17
26/10/2022,Wed,85.07
27/10/2022,Thu,151.15
28/10/2022,Fri,204.76
29/10/2022,Sat,87.16
30/10/2022,Sun,115.24
,,
