Date,Day,DTB3
01/12/2017,Fri,1.25
04/12/2017,Mon,1.28
05/12/2017,Tue,1.28
06/12/2017,Wed,1.28
07/12/2017,Thu,1.27
08/12/2017,Fri,1.26
11/12/2017,Mon,1.31
12/12/2017,Tue,1.32
13/12/2017,Wed,1.28
14/12/2017,Thu,1.3
15/12/2017,Fri,1.29
18/12/2017,Mon,1.36
19/12/2017,Tue,1.35
20/12/2017,Wed,1.36
21/12/2017,Thu,1.33
22/12/2017,Fri,1.31
25/12/2017,Mon,.
26/12/2017,Tue,1.45
27/12/2017,Wed,1.42
28/12/2017,Thu,1.37
29/12/2017,Fri,1.37
01/01/2018,Mon,.
02/01/2018,Tue,1.42
03/01/2018,Wed,1.39
04/01/2018,Thu,1.39
05/01/2018,Fri,1.37
08/01/2018,Mon,1.43
09/01/2018,Tue,1.42
10/01/2018,Wed,1.4
11/01/2018,Thu,1.41
12/01/2018,Fri,1.41
15/01/2018,Mon,.
16/01/2018,Tue,1.43
17/01/2018,Wed,1.42
18/01/2018,Thu,1.43
19/01/2018,Fri,1.42
22/01/2018,Mon,1.43
23/01/2018,Tue,1.42
24/01/2018,Wed,1.41
25/01/2018,Thu,1.4
26/01/2018,Fri,1.39
29/01/2018,Mon,1.43
30/01/2018,Tue,1.42
31/01/2018,Wed,1.44
01/02/2018,Thu,1.46
02/02/2018,Fri,1.46
05/02/2018,Mon,1.49
06/02/2018,Tue,1.5
07/02/2018,Wed,1.53
08/02/2018,Thu,1.53
09/02/2018,Fri,1.53
12/02/2018,Mon,1.61
13/02/2018,Tue,1.57
14/02/2018,Wed,1.56
15/02/2018,Thu,1.56
16/02/2018,Fri,1.59
19/02/2018,Mon,.
20/02/2018,Tue,1.64
21/02/2018,Wed,1.62
22/02/2018,Thu,1.61
23/02/2018,Fri,1.61
26/02/2018,Mon,1.65
27/02/2018,Tue,1.64
28/02/2018,Wed,1.63
01/03/2018,Thu,1.6
02/03/2018,Fri,1.62
05/03/2018,Mon,1.67
06/03/2018,Tue,1.65
07/03/2018,Wed,1.65
08/03/2018,Thu,1.64
09/03/2018,Fri,1.64
12/03/2018,Mon,1.68
13/03/2018,Tue,1.7
14/03/2018,Wed,1.73
15/03/2018,Thu,1.74
16/03/2018,Fri,1.75
19/03/2018,Mon,1.77
20/03/2018,Tue,1.78
21/03/2018,Wed,1.71
22/03/2018,Thu,1.69
23/03/2018,Fri,1.71
26/03/2018,Mon,1.76
27/03/2018,Tue,1.74
28/03/2018,Wed,1.7
29/03/2018,Thu,1.7
30/03/2018,Fri,.
02/04/2018,Mon,1.74
03/04/2018,Tue,1.72
04/04/2018,Wed,1.68
05/04/2018,Thu,1.69
06/04/2018,Fri,1.7
09/04/2018,Mon,1.73
10/04/2018,Tue,1.71
11/04/2018,Wed,1.7
12/04/2018,Thu,1.72
13/04/2018,Fri,1.73
16/04/2018,Mon,1.76
17/04/2018,Tue,1.77
18/04/2018,Wed,1.78
19/04/2018,Thu,1.79
20/04/2018,Fri,1.78
23/04/2018,Mon,1.84
24/04/2018,Tue,1.84
25/04/2018,Wed,1.82
26/04/2018,Thu,1.79
27/04/2018,Fri,1.78
30/04/2018,Mon,1.84
01/05/2018,Tue,1.82
02/05/2018,Wed,1.81
03/05/2018,Thu,1.8
04/05/2018,Fri,1.8
07/05/2018,Mon,1.83
08/05/2018,Tue,1.84
09/05/2018,Wed,1.85
10/05/2018,Thu,1.86
11/05/2018,Fri,1.88
14/05/2018,Mon,1.9
15/05/2018,Tue,1.89
16/05/2018,Wed,1.88
17/05/2018,Thu,1.88
18/05/2018,Fri,1.87
21/05/2018,Mon,1.9
22/05/2018,Tue,1.9
23/05/2018,Wed,1.88
24/05/2018,Thu,1.87
25/05/2018,Fri,1.86
28/05/2018,Mon,.
29/05/2018,Tue,1.9
30/05/2018,Wed,1.9
31/05/2018,Thu,1.89
01/06/2018,Fri,1.88
04/06/2018,Mon,1.91
05/06/2018,Tue,1.91
06/06/2018,Wed,1.91
07/06/2018,Thu,1.9
08/06/2018,Fri,1.89
11/06/2018,Mon,1.91
12/06/2018,Tue,1.89
13/06/2018,Wed,1.9
14/06/2018,Thu,1.9
15/06/2018,Fri,1.9
18/06/2018,Mon,1.91
19/06/2018,Tue,1.91
20/06/2018,Wed,1.9
21/06/2018,Thu,1.9
22/06/2018,Fri,1.89
25/06/2018,Mon,1.9
26/06/2018,Tue,1.9
27/06/2018,Wed,1.89
28/06/2018,Thu,1.89
29/06/2018,Fri,1.89
02/07/2018,Mon,1.95
03/07/2018,Tue,1.94
04/07/2018,Wed,.
05/07/2018,Thu,1.92
06/07/2018,Fri,1.93
09/07/2018,Mon,1.95
10/07/2018,Tue,1.95
11/07/2018,Wed,1.93
12/07/2018,Thu,1.94
13/07/2018,Fri,1.94
16/07/2018,Mon,1.98
17/07/2018,Tue,1.98
18/07/2018,Wed,1.96
19/07/2018,Thu,1.96
20/07/2018,Fri,1.95
23/07/2018,Mon,1.96
24/07/2018,Tue,1.98
25/07/2018,Wed,1.97
26/07/2018,Thu,1.95
27/07/2018,Fri,1.96
30/07/2018,Mon,2.01
31/07/2018,Tue,1.99
01/08/2018,Wed,1.99
02/08/2018,Thu,1.98
03/08/2018,Fri,1.97
06/08/2018,Mon,2.02
07/08/2018,Tue,2.02
08/08/2018,Wed,2.02
09/08/2018,Thu,2.02
10/08/2018,Fri,2.01
13/08/2018,Mon,2.03
14/08/2018,Tue,2.04
15/08/2018,Wed,2.03
16/08/2018,Thu,2.03
17/08/2018,Fri,2.01
20/08/2018,Mon,2.03
21/08/2018,Tue,2.04
22/08/2018,Wed,2.05
23/08/2018,Thu,2.04
24/08/2018,Fri,2.05
27/08/2018,Mon,2.08
28/08/2018,Tue,2.09
29/08/2018,Wed,2.09
30/08/2018,Thu,2.07
31/08/2018,Fri,2.07
03/09/2018,Mon,.
04/09/2018,Tue,2.09
05/09/2018,Wed,2.1
06/09/2018,Thu,2.09
07/09/2018,Fri,2.1
10/09/2018,Mon,2.11
11/09/2018,Tue,2.11
12/09/2018,Wed,2.12
13/09/2018,Thu,2.11
14/09/2018,Fri,2.12
17/09/2018,Mon,2.13
18/09/2018,Tue,2.13
19/09/2018,Wed,2.12
20/09/2018,Thu,2.13
21/09/2018,Fri,2.14
24/09/2018,Mon,2.18
25/09/2018,Tue,2.17
26/09/2018,Wed,2.16
27/09/2018,Thu,2.14
28/09/2018,Fri,2.15
01/10/2018,Mon,2.19
02/10/2018,Tue,2.19
03/10/2018,Wed,2.19
04/10/2018,Thu,2.18
05/10/2018,Fri,2.18
08/10/2018,Mon,.
09/10/2018,Tue,2.21
10/10/2018,Wed,2.23
11/10/2018,Thu,2.22
12/10/2018,Fri,2.23
15/10/2018,Mon,2.27
16/10/2018,Tue,2.26
17/10/2018,Wed,2.27
18/10/2018,Thu,2.27
19/10/2018,Fri,2.26
22/10/2018,Mon,2.3
23/10/2018,Tue,2.29
24/10/2018,Wed,2.29
25/10/2018,Thu,2.29
26/10/2018,Fri,2.28
29/10/2018,Mon,2.3
30/10/2018,Tue,2.29
31/10/2018,Wed,2.29
01/11/2018,Thu,2.27
02/11/2018,Fri,2.28
05/11/2018,Mon,2.32
06/11/2018,Tue,2.31
07/11/2018,Wed,2.32
08/11/2018,Thu,2.3
09/11/2018,Fri,2.31
12/11/2018,Mon,.
13/11/2018,Tue,2.34
14/11/2018,Wed,2.33
15/11/2018,Thu,2.32
16/11/2018,Fri,2.31
19/11/2018,Mon,2.34
20/11/2018,Tue,2.34
21/11/2018,Wed,2.36
22/11/2018,Thu,.
23/11/2018,Fri,2.36
26/11/2018,Mon,2.37
27/11/2018,Tue,2.36
28/11/2018,Wed,2.35
29/11/2018,Thu,2.32
30/11/2018,Fri,2.32
03/12/2018,Mon,2.34
04/12/2018,Tue,2.38
05/12/2018,Wed,.
06/12/2018,Thu,2.36
07/12/2018,Fri,2.35
10/12/2018,Mon,2.37
11/12/2018,Tue,2.37
12/12/2018,Wed,2.39
13/12/2018,Thu,2.38
14/12/2018,Fri,2.37
17/12/2018,Mon,2.36
18/12/2018,Tue,2.34
19/12/2018,Wed,2.35
20/12/2018,Thu,2.34
21/12/2018,Fri,2.34
24/12/2018,Mon,2.41
25/12/2018,Tue,.
26/12/2018,Wed,2.39
27/12/2018,Thu,2.36
28/12/2018,Fri,2.35
31/12/2018,Mon,2.4
01/01/2019,Tue,.
02/01/2019,Wed,2.37
03/01/2019,Thu,2.36
04/01/2019,Fri,2.37
07/01/2019,Mon,2.41
08/01/2019,Tue,2.41
09/01/2019,Wed,2.4
10/01/2019,Thu,2.38
11/01/2019,Fri,2.38
14/01/2019,Mon,2.4
15/01/2019,Tue,2.4
16/01/2019,Wed,2.38
17/01/2019,Thu,2.37
18/01/2019,Fri,2.36
21/01/2019,Mon,.
22/01/2019,Tue,2.38
23/01/2019,Wed,2.36
24/01/2019,Thu,2.32
25/01/2019,Fri,2.34
28/01/2019,Mon,2.37
29/01/2019,Tue,2.37
30/01/2019,Wed,2.37
31/01/2019,Thu,2.36
01/02/2019,Fri,2.35
04/02/2019,Mon,2.37
05/02/2019,Tue,2.37
06/02/2019,Wed,2.37
07/02/2019,Thu,2.37
08/02/2019,Fri,2.38
11/02/2019,Mon,2.4
12/02/2019,Tue,2.38
13/02/2019,Wed,2.39
14/02/2019,Thu,2.38
15/02/2019,Fri,2.38
18/02/2019,Mon,.
19/02/2019,Tue,2.41
20/02/2019,Wed,2.4
21/02/2019,Thu,2.4
22/02/2019,Fri,2.41
25/02/2019,Mon,2.42
26/02/2019,Tue,2.4
27/02/2019,Wed,2.4
28/02/2019,Thu,2.4
01/03/2019,Fri,2.39
04/03/2019,Mon,2.41
05/03/2019,Tue,2.41
06/03/2019,Wed,2.41
07/03/2019,Thu,2.4
08/03/2019,Fri,2.41
11/03/2019,Mon,2.41
12/03/2019,Tue,2.41
13/03/2019,Wed,2.4
14/03/2019,Thu,2.4
15/03/2019,Fri,2.4
18/03/2019,Mon,2.39
19/03/2019,Tue,2.41
20/03/2019,Wed,2.42
21/03/2019,Thu,2.43
22/03/2019,Fri,2.41
25/03/2019,Mon,2.41
26/03/2019,Tue,2.41
27/03/2019,Wed,2.39
28/03/2019,Thu,2.38
29/03/2019,Fri,2.35
01/04/2019,Mon,2.38
02/04/2019,Tue,2.37
03/04/2019,Wed,2.39
04/04/2019,Thu,2.39
05/04/2019,Fri,2.39
08/04/2019,Mon,2.38
09/04/2019,Tue,2.37
10/04/2019,Wed,2.38
11/04/2019,Thu,2.38
12/04/2019,Fri,2.39
15/04/2019,Mon,2.38
16/04/2019,Tue,2.38
17/04/2019,Wed,2.39
18/04/2019,Thu,2.37
19/04/2019,Fri,.
22/04/2019,Mon,2.39
23/04/2019,Tue,2.4
24/04/2019,Wed,2.39
25/04/2019,Thu,2.38
26/04/2019,Fri,2.37
29/04/2019,Mon,2.39
30/04/2019,Tue,2.38
01/05/2019,Wed,2.38
02/05/2019,Thu,2.41
03/05/2019,Fri,2.38
06/05/2019,Mon,2.39
07/05/2019,Tue,2.38
08/05/2019,Wed,2.38
09/05/2019,Thu,2.38
10/05/2019,Fri,2.38
13/05/2019,Mon,2.36
14/05/2019,Tue,2.36
15/05/2019,Wed,2.37
16/05/2019,Thu,2.35
17/05/2019,Fri,2.34
20/05/2019,Mon,2.34
21/05/2019,Tue,2.34
22/05/2019,Wed,2.33
23/05/2019,Thu,2.32
24/05/2019,Fri,2.3
27/05/2019,Mon,.
28/05/2019,Tue,2.32
29/05/2019,Wed,2.32
30/05/2019,Thu,2.33
31/05/2019,Fri,2.3
03/06/2019,Mon,2.3
04/06/2019,Tue,2.3
05/06/2019,Wed,2.3
06/06/2019,Thu,2.28
07/06/2019,Fri,2.23
10/06/2019,Mon,2.24
11/06/2019,Tue,2.22
12/06/2019,Wed,2.19
13/06/2019,Thu,2.14
14/06/2019,Fri,2.15
17/06/2019,Mon,2.18
18/06/2019,Tue,2.17
19/06/2019,Wed,2.13
20/06/2019,Thu,2.09
21/06/2019,Fri,2.07
24/06/2019,Mon,2.08
25/06/2019,Tue,2.07
26/06/2019,Wed,2.1
27/06/2019,Thu,2.09
28/06/2019,Fri,2.08
01/07/2019,Mon,2.16
02/07/2019,Tue,2.15
03/07/2019,Wed,2.16
04/07/2019,Thu,.
05/07/2019,Fri,2.18
08/07/2019,Mon,2.21
09/07/2019,Tue,2.21
10/07/2019,Wed,2.15
11/07/2019,Thu,2.12
12/07/2019,Fri,2.1
15/07/2019,Mon,2.11
16/07/2019,Tue,2.1
17/07/2019,Wed,2.09
18/07/2019,Thu,2.01
19/07/2019,Fri,2.02
22/07/2019,Mon,2.04
23/07/2019,Tue,2.02
24/07/2019,Wed,2.05
25/07/2019,Thu,2.06
26/07/2019,Fri,2.08
29/07/2019,Mon,2.07
30/07/2019,Tue,2.04
31/07/2019,Wed,2.04
01/08/2019,Thu,2.03
02/08/2019,Fri,2.02
05/08/2019,Mon,2
06/08/2019,Tue,2.01
07/08/2019,Wed,1.98
08/08/2019,Thu,1.98
09/08/2019,Fri,1.96
12/08/2019,Mon,1.96
13/08/2019,Tue,1.96
14/08/2019,Wed,1.92
15/08/2019,Thu,1.87
16/08/2019,Fri,1.83
19/08/2019,Mon,1.9
20/08/2019,Tue,1.9
21/08/2019,Wed,1.93
22/08/2019,Thu,1.96
23/08/2019,Fri,1.93
26/08/2019,Mon,1.96
27/08/2019,Tue,1.94
28/08/2019,Wed,1.95
29/08/2019,Thu,1.95
30/08/2019,Fri,1.95
02/09/2019,Mon,.
03/09/2019,Tue,1.94
04/09/2019,Wed,1.93
05/09/2019,Thu,1.93
06/09/2019,Fri,1.92
09/09/2019,Mon,1.92
10/09/2019,Tue,1.91
11/09/2019,Wed,1.92
12/09/2019,Thu,1.91
13/09/2019,Fri,1.92
16/09/2019,Mon,1.95
17/09/2019,Tue,1.95
18/09/2019,Wed,1.91
19/09/2019,Thu,1.89
20/09/2019,Fri,1.87
23/09/2019,Mon,1.9
24/09/2019,Tue,1.88
25/09/2019,Wed,1.85
26/09/2019,Thu,1.79
27/09/2019,Fri,1.76
30/09/2019,Mon,1.84
01/10/2019,Tue,1.78
02/10/2019,Wed,1.75
03/10/2019,Thu,1.67
04/10/2019,Fri,1.68
07/10/2019,Mon,1.71
08/10/2019,Tue,1.68
09/10/2019,Wed,1.66
10/10/2019,Thu,1.65
11/10/2019,Fri,1.65
14/10/2019,Mon,.
15/10/2019,Tue,1.64
16/10/2019,Wed,1.63
17/10/2019,Thu,1.63
18/10/2019,Fri,1.63
21/10/2019,Mon,1.64
22/10/2019,Tue,1.62
23/10/2019,Wed,1.62
24/10/2019,Thu,1.64
25/10/2019,Fri,1.63
28/10/2019,Mon,1.62
29/10/2019,Tue,1.6
30/10/2019,Wed,1.59
31/10/2019,Thu,1.51
01/11/2019,Fri,1.49
04/11/2019,Mon,1.5
05/11/2019,Tue,1.53
06/11/2019,Wed,1.53
07/11/2019,Thu,1.53
08/11/2019,Fri,1.52
11/11/2019,Mon,.
12/11/2019,Tue,1.56
13/11/2019,Wed,1.54
14/11/2019,Thu,1.54
15/11/2019,Fri,1.54
18/11/2019,Mon,1.54
19/11/2019,Tue,1.54
20/11/2019,Wed,1.54
21/11/2019,Thu,1.55
22/11/2019,Fri,1.55
25/11/2019,Mon,1.58
26/11/2019,Tue,1.57
27/11/2019,Wed,1.59
28/11/2019,Thu,.
29/11/2019,Fri,1.56
02/12/2019,Mon,1.57
03/12/2019,Tue,1.54
04/12/2019,Wed,1.52
05/12/2019,Thu,1.51
06/12/2019,Fri,1.5
09/12/2019,Mon,1.51
10/12/2019,Tue,1.53
11/12/2019,Wed,1.54
12/12/2019,Thu,1.53
13/12/2019,Fri,1.54
16/12/2019,Mon,1.54
17/12/2019,Tue,1.53
18/12/2019,Wed,1.53
19/12/2019,Thu,1.54
20/12/2019,Fri,1.55
23/12/2019,Mon,1.56
24/12/2019,Tue,1.55
25/12/2019,Wed,.
26/12/2019,Thu,1.55
27/12/2019,Fri,1.54
30/12/2019,Mon,1.54
31/12/2019,Tue,1.52
01/01/2020,Wed,.
02/01/2020,Thu,1.51
03/01/2020,Fri,1.49
06/01/2020,Mon,1.53
07/01/2020,Tue,1.51
08/01/2020,Wed,1.51
09/01/2020,Thu,1.51
10/01/2020,Fri,1.51
13/01/2020,Mon,1.54
14/01/2020,Tue,1.54
15/01/2020,Wed,1.54
16/01/2020,Thu,1.52
17/01/2020,Fri,1.53
20/01/2020,Mon,.
21/01/2020,Tue,1.53
22/01/2020,Wed,1.52
23/01/2020,Thu,1.52
24/01/2020,Fri,1.51
27/01/2020,Mon,1.52
28/01/2020,Tue,1.54
29/01/2020,Wed,1.53
30/01/2020,Thu,1.54
31/01/2020,Fri,1.52
03/02/2020,Mon,1.54
04/02/2020,Tue,1.54
05/02/2020,Wed,1.54
06/02/2020,Thu,1.54
07/02/2020,Fri,1.53
10/02/2020,Mon,1.55
11/02/2020,Tue,1.54
12/02/2020,Wed,1.55
13/02/2020,Thu,1.56
14/02/2020,Fri,1.55
17/02/2020,Mon,.
18/02/2020,Tue,1.55
19/02/2020,Wed,1.55
20/02/2020,Thu,1.55
21/02/2020,Fri,1.53
24/02/2020,Mon,1.5
25/02/2020,Tue,1.5
26/02/2020,Wed,1.5
27/02/2020,Thu,1.42
28/02/2020,Fri,1.25
02/03/2020,Mon,1.1
03/03/2020,Tue,0.93
04/03/2020,Wed,0.71
05/03/2020,Thu,0.61
06/03/2020,Fri,0.45
09/03/2020,Mon,0.32
10/03/2020,Tue,0.43
11/03/2020,Wed,0.41
12/03/2020,Thu,0.33
13/03/2020,Fri,0.27
16/03/2020,Mon,0.24
17/03/2020,Tue,0.19
18/03/2020,Wed,0.02
19/03/2020,Thu,0.04
20/03/2020,Fri,0.05
23/03/2020,Mon,0.02
24/03/2020,Tue,0.01
25/03/2020,Wed,-0.04
26/03/2020,Thu,-0.05
27/03/2020,Fri,0.03
30/03/2020,Mon,0.12
31/03/2020,Tue,0.11
01/04/2020,Wed,0.09
02/04/2020,Thu,0.09
03/04/2020,Fri,0.1
06/04/2020,Mon,0.15
07/04/2020,Tue,0.14
08/04/2020,Wed,0.22
09/04/2020,Thu,0.25
10/04/2020,Fri,.
13/04/2020,Mon,0.26
14/04/2020,Tue,0.2
15/04/2020,Wed,0.14
16/04/2020,Thu,0.14
17/04/2020,Fri,0.12
20/04/2020,Mon,0.12
21/04/2020,Tue,0.11
22/04/2020,Wed,0.12
23/04/2020,Thu,0.11
24/04/2020,Fri,0.12
27/04/2020,Mon,0.12
28/04/2020,Tue,0.11
29/04/2020,Wed,0.1
30/04/2020,Thu,0.09
01/05/2020,Fri,0.12
04/05/2020,Mon,0.13
05/05/2020,Tue,0.13
06/05/2020,Wed,0.12
07/05/2020,Thu,0.11
08/05/2020,Fri,0.12
11/05/2020,Mon,0.12
12/05/2020,Tue,0.13
13/05/2020,Wed,0.13
14/05/2020,Thu,0.12
15/05/2020,Fri,0.12
18/05/2020,Mon,0.13
19/05/2020,Tue,0.13
20/05/2020,Wed,0.12
21/05/2020,Thu,0.12
22/05/2020,Fri,0.12
25/05/2020,Mon,.
26/05/2020,Tue,0.14
27/05/2020,Wed,0.15
28/05/2020,Thu,0.15
29/05/2020,Fri,0.14
01/06/2020,Mon,0.14
02/06/2020,Tue,0.15
03/06/2020,Wed,0.16
04/06/2020,Thu,0.15
05/06/2020,Fri,0.15
08/06/2020,Mon,0.17
09/06/2020,Tue,0.19
10/06/2020,Wed,0.17
11/06/2020,Thu,0.17
12/06/2020,Fri,0.16
15/06/2020,Mon,0.18
16/06/2020,Tue,0.17
17/06/2020,Wed,0.17
18/06/2020,Thu,0.16
19/06/2020,Fri,0.15
22/06/2020,Mon,0.16
23/06/2020,Tue,0.16
24/06/2020,Wed,0.15
25/06/2020,Thu,0.16
26/06/2020,Fri,0.14
29/06/2020,Mon,0.14
30/06/2020,Tue,0.16
01/07/2020,Wed,0.14
02/07/2020,Thu,0.14
03/07/2020,Fri,.
06/07/2020,Mon,0.15
07/07/2020,Tue,0.15
08/07/2020,Wed,0.15
09/07/2020,Thu,0.13
10/07/2020,Fri,0.13
13/07/2020,Mon,0.14
14/07/2020,Tue,0.15
15/07/2020,Wed,0.16
16/07/2020,Thu,0.11
17/07/2020,Fri,0.11
20/07/2020,Mon,0.13
21/07/2020,Tue,0.13
22/07/2020,Wed,0.13
23/07/2020,Thu,0.12
24/07/2020,Fri,0.11
27/07/2020,Mon,0.11
28/07/2020,Tue,0.11
29/07/2020,Wed,0.11
30/07/2020,Thu,0.09
31/07/2020,Fri,0.09
03/08/2020,Mon,0.1
04/08/2020,Tue,0.09
05/08/2020,Wed,0.1
06/08/2020,Thu,0.1
07/08/2020,Fri,0.1
10/08/2020,Mon,0.11
11/08/2020,Tue,0.11
12/08/2020,Wed,0.11
13/08/2020,Thu,0.1
14/08/2020,Fri,0.1
17/08/2020,Mon,0.1
18/08/2020,Tue,0.09
19/08/2020,Wed,0.11
20/08/2020,Thu,0.11
21/08/2020,Fri,0.1
24/08/2020,Mon,0.12
25/08/2020,Tue,0.11
26/08/2020,Wed,0.11
27/08/2020,Thu,0.11
28/08/2020,Fri,0.1
31/08/2020,Mon,0.11
01/09/2020,Tue,0.12
02/09/2020,Wed,0.12
03/09/2020,Thu,0.11
04/09/2020,Fri,0.11
07/09/2020,Mon,.
08/09/2020,Tue,0.13
09/09/2020,Wed,0.12
10/09/2020,Thu,0.12
11/09/2020,Fri,0.11
14/09/2020,Mon,0.11
15/09/2020,Tue,0.11
16/09/2020,Wed,0.12
17/09/2020,Thu,0.09
18/09/2020,Fri,0.1
21/09/2020,Mon,0.1
22/09/2020,Tue,0.1
23/09/2020,Wed,0.11
24/09/2020,Thu,0.1
25/09/2020,Fri,0.1
28/09/2020,Mon,0.11
29/09/2020,Tue,0.09
30/09/2020,Wed,0.1
01/10/2020,Thu,0.09
02/10/2020,Fri,0.09
05/10/2020,Mon,0.1
06/10/2020,Tue,0.1
07/10/2020,Wed,0.1
08/10/2020,Thu,0.09
09/10/2020,Fri,0.1
12/10/2020,Mon,.
13/10/2020,Tue,0.11
14/10/2020,Wed,0.12
15/10/2020,Thu,0.11
16/10/2020,Fri,0.11
19/10/2020,Mon,0.11
20/10/2020,Tue,0.1
21/10/2020,Wed,0.1
22/10/2020,Thu,0.09
23/10/2020,Fri,0.1
26/10/2020,Mon,0.11
27/10/2020,Tue,0.1
28/10/2020,Wed,0.1
29/10/2020,Thu,0.09
30/10/2020,Fri,0.09
02/11/2020,Mon,0.09
03/11/2020,Tue,0.1
04/11/2020,Wed,0.1
05/11/2020,Thu,0.1
06/11/2020,Fri,0.1
09/11/2020,Mon,0.11
10/11/2020,Tue,0.1
11/11/2020,Wed,.
12/11/2020,Thu,0.1
13/11/2020,Fri,0.09
16/11/2020,Mon,0.09
17/11/2020,Tue,0.09
18/11/2020,Wed,0.09
19/11/2020,Thu,0.07
20/11/2020,Fri,0.07
23/11/2020,Mon,0.08
24/11/2020,Tue,0.09
25/11/2020,Wed,0.09
26/11/2020,Thu,.
27/11/2020,Fri,0.09
30/11/2020,Mon,0.08
01/12/2020,Tue,0.09
02/12/2020,Wed,0.09
03/12/2020,Thu,0.08
04/12/2020,Fri,0.09
07/12/2020,Mon,0.08
08/12/2020,Tue,0.09
09/12/2020,Wed,0.08
10/12/2020,Thu,0.08
11/12/2020,Fri,0.08
14/12/2020,Mon,0.09
15/12/2020,Tue,0.08
16/12/2020,Wed,0.09
17/12/2020,Thu,0.08
18/12/2020,Fri,0.08
21/12/2020,Mon,0.09
22/12/2020,Tue,0.09
23/12/2020,Wed,0.09
24/12/2020,Thu,0.09
25/12/2020,Fri,.
28/12/2020,Mon,0.11
29/12/2020,Tue,0.1
30/12/2020,Wed,0.08
31/12/2020,Thu,0.09
01/01/2021,Fri,.
04/01/2021,Mon,0.09
05/01/2021,Tue,0.09
06/01/2021,Wed,0.09
07/01/2021,Thu,0.09
08/01/2021,Fri,0.08
11/01/2021,Mon,0.08
12/01/2021,Tue,0.09
13/01/2021,Wed,0.09
14/01/2021,Thu,0.09
15/01/2021,Fri,0.09
18/01/2021,Mon,.
19/01/2021,Tue,0.09
20/01/2021,Wed,0.08
21/01/2021,Thu,0.09
22/01/2021,Fri,0.08
25/01/2021,Mon,0.09
26/01/2021,Tue,0.07
27/01/2021,Wed,0.08
28/01/2021,Thu,0.07
29/01/2021,Fri,0.06
01/02/2021,Mon,0.07
02/02/2021,Tue,0.07
03/02/2021,Wed,0.04
04/02/2021,Thu,0.04
05/02/2021,Fri,0.03
08/02/2021,Mon,0.05
09/02/2021,Tue,0.04
10/02/2021,Wed,0.05
11/02/2021,Thu,0.05
12/02/2021,Fri,0.04
15/02/2021,Mon,.
16/02/2021,Tue,0.04
17/02/2021,Wed,0.04
18/02/2021,Thu,0.03
19/02/2021,Fri,0.04
22/02/2021,Mon,0.03
23/02/2021,Tue,0.04
24/02/2021,Wed,0.03
25/02/2021,Thu,0.04
26/02/2021,Fri,0.04
01/03/2021,Mon,0.05
02/03/2021,Tue,0.04
03/03/2021,Wed,0.05
04/03/2021,Thu,0.04
05/03/2021,Fri,0.04
08/03/2021,Mon,0.05
09/03/2021,Tue,0.05
10/03/2021,Wed,0.04
11/03/2021,Thu,0.04
12/03/2021,Fri,0.04
15/03/2021,Mon,0.04
16/03/2021,Tue,0.02
17/03/2021,Wed,0.02
18/03/2021,Thu,0.01
19/03/2021,Fri,0.01
22/03/2021,Mon,0.03
23/03/2021,Tue,0.01
24/03/2021,Wed,0.02
25/03/2021,Thu,0.02
26/03/2021,Fri,0.02
29/03/2021,Mon,0.03
30/03/2021,Tue,0.02
31/03/2021,Wed,0.03
01/04/2021,Thu,0.02
02/04/2021,Fri,0.02
05/04/2021,Mon,0.03
06/04/2021,Tue,0.02
07/04/2021,Wed,0.02
08/04/2021,Thu,0.01
09/04/2021,Fri,0.02
12/04/2021,Mon,0.02
13/04/2021,Tue,0.03
14/04/2021,Wed,0.02
15/04/2021,Thu,0.02
16/04/2021,Fri,0.02
19/04/2021,Mon,0.02
20/04/2021,Tue,0.03
21/04/2021,Wed,0.03
22/04/2021,Thu,0.03
23/04/2021,Fri,0.03
26/04/2021,Mon,0.03
27/04/2021,Tue,0.01
28/04/2021,Wed,0.01
29/04/2021,Thu,0.01
30/04/2021,Fri,0.01
03/05/2021,Mon,0.04
04/05/2021,Tue,0.02
05/05/2021,Wed,0.02
06/05/2021,Thu,0.02
07/05/2021,Fri,0.02
10/05/2021,Mon,0.02
11/05/2021,Tue,0.01
12/05/2021,Wed,0.02
13/05/2021,Thu,0.02
14/05/2021,Fri,0.01
17/05/2021,Mon,0.02
18/05/2021,Tue,0.02
19/05/2021,Wed,0.01
20/05/2021,Thu,0.01
21/05/2021,Fri,0.01
24/05/2021,Mon,0.02
25/05/2021,Tue,0.02
26/05/2021,Wed,0.02
27/05/2021,Thu,0.02
28/05/2021,Fri,0.01
31/05/2021,Mon,.
01/06/2021,Tue,0.02
02/06/2021,Wed,0.02
03/06/2021,Thu,0.02
04/06/2021,Fri,0.02
07/06/2021,Mon,0.02
08/06/2021,Tue,0.02
09/06/2021,Wed,0.03
10/06/2021,Thu,0.03
11/06/2021,Fri,0.03
14/06/2021,Mon,0.03
15/06/2021,Tue,0.03
16/06/2021,Wed,0.04
17/06/2021,Thu,0.04
18/06/2021,Fri,0.05
21/06/2021,Mon,0.05
22/06/2021,Tue,0.04
23/06/2021,Wed,0.05
24/06/2021,Thu,0.05
25/06/2021,Fri,0.06
28/06/2021,Mon,0.05
29/06/2021,Tue,0.04
30/06/2021,Wed,0.05
01/07/2021,Thu,0.05
02/07/2021,Fri,0.05
05/07/2021,Mon,.
06/07/2021,Tue,0.05
07/07/2021,Wed,0.05
08/07/2021,Thu,0.06
09/07/2021,Fri,0.06
12/07/2021,Mon,0.05
13/07/2021,Tue,0.05
14/07/2021,Wed,0.06
15/07/2021,Thu,0.05
16/07/2021,Fri,0.05
19/07/2021,Mon,0.05
20/07/2021,Tue,0.05
21/07/2021,Wed,0.05
22/07/2021,Thu,0.05
23/07/2021,Fri,0.05
26/07/2021,Mon,0.05
27/07/2021,Tue,0.05
28/07/2021,Wed,0.05
29/07/2021,Thu,0.06
30/07/2021,Fri,0.06
02/08/2021,Mon,0.05
03/08/2021,Tue,0.05
04/08/2021,Wed,0.05
05/08/2021,Thu,0.05
06/08/2021,Fri,0.06
09/08/2021,Mon,0.06
10/08/2021,Tue,0.05
11/08/2021,Wed,0.05
12/08/2021,Thu,0.06
13/08/2021,Fri,0.06
16/08/2021,Mon,0.06
17/08/2021,Tue,0.07
18/08/2021,Wed,0.07
19/08/2021,Thu,0.06
20/08/2021,Fri,0.05
23/08/2021,Mon,0.05
24/08/2021,Tue,0.05
25/08/2021,Wed,0.06
26/08/2021,Thu,0.05
27/08/2021,Fri,0.05
30/08/2021,Mon,0.05
31/08/2021,Tue,0.04
01/09/2021,Wed,0.05
02/09/2021,Thu,0.05
03/09/2021,Fri,0.05
06/09/2021,Mon,.
07/09/2021,Tue,0.05
08/09/2021,Wed,0.05
09/09/2021,Thu,0.04
10/09/2021,Fri,0.05
13/09/2021,Mon,0.06
14/09/2021,Tue,0.04
15/09/2021,Wed,0.04
16/09/2021,Thu,0.04
17/09/2021,Fri,0.04
20/09/2021,Mon,0.04
21/09/2021,Tue,0.03
22/09/2021,Wed,0.03
23/09/2021,Thu,0.03
24/09/2021,Fri,0.03
27/09/2021,Mon,0.04
28/09/2021,Tue,0.04
29/09/2021,Wed,0.04
30/09/2021,Thu,0.04
01/10/2021,Fri,0.04
04/10/2021,Mon,0.04
05/10/2021,Tue,0.04
06/10/2021,Wed,0.04
07/10/2021,Thu,0.05
08/10/2021,Fri,0.05
11/10/2021,Mon,.
12/10/2021,Tue,0.06
13/10/2021,Wed,0.05
14/10/2021,Thu,0.05
15/10/2021,Fri,0.05
18/10/2021,Mon,0.06
19/10/2021,Tue,0.05
20/10/2021,Wed,0.05
21/10/2021,Thu,0.06
22/10/2021,Fri,0.06
25/10/2021,Mon,0.06
26/10/2021,Tue,0.06
27/10/2021,Wed,0.06
28/10/2021,Thu,0.06
29/10/2021,Fri,0.05
01/11/2021,Mon,0.05
02/11/2021,Tue,0.05
03/11/2021,Wed,0.05
04/11/2021,Thu,0.04
05/11/2021,Fri,0.05
08/11/2021,Mon,0.06
09/11/2021,Tue,0.04
10/11/2021,Wed,0.05
11/11/2021,Thu,.
12/11/2021,Fri,0.05
15/11/2021,Mon,0.05
16/11/2021,Tue,0.05
17/11/2021,Wed,0.05
18/11/2021,Thu,0.05
19/11/2021,Fri,0.05
22/11/2021,Mon,0.05
23/11/2021,Tue,0.06
24/11/2021,Wed,0.06
25/11/2021,Thu,.
26/11/2021,Fri,0.06
29/11/2021,Mon,0.06
30/11/2021,Tue,0.05
01/12/2021,Wed,0.06
02/12/2021,Thu,0.05
03/12/2021,Fri,0.06
06/12/2021,Mon,0.06
07/12/2021,Tue,0.06
08/12/2021,Wed,0.07
09/12/2021,Thu,0.06
10/12/2021,Fri,0.06
13/12/2021,Mon,0.05
14/12/2021,Tue,0.05
15/12/2021,Wed,0.06
16/12/2021,Thu,0.05
17/12/2021,Fri,0.05
20/12/2021,Mon,0.07
21/12/2021,Tue,0.07
22/12/2021,Wed,0.08
23/12/2021,Thu,0.08
24/12/2021,Fri,.
27/12/2021,Mon,0.06
28/12/2021,Tue,0.06
29/12/2021,Wed,0.05
30/12/2021,Thu,0.05
31/12/2021,Fri,0.06
03/01/2022,Mon,0.09
04/01/2022,Tue,0.08
05/01/2022,Wed,0.09
06/01/2022,Thu,0.1
07/01/2022,Fri,0.1
10/01/2022,Mon,0.13
11/01/2022,Tue,0.12
12/01/2022,Wed,0.12
13/01/2022,Thu,0.12
14/01/2022,Fri,0.13
17/01/2022,Mon,.
18/01/2022,Tue,0.17
19/01/2022,Wed,0.17
20/01/2022,Thu,0.18
21/01/2022,Fri,0.17
24/01/2022,Mon,0.2
25/01/2022,Tue,0.2
26/01/2022,Wed,0.19
27/01/2022,Thu,0.2
28/01/2022,Fri,0.19
31/01/2022,Mon,0.24
01/02/2022,Tue,0.2
02/02/2022,Wed,0.2
03/02/2022,Thu,0.21
04/02/2022,Fri,0.23
07/02/2022,Mon,0.28
08/02/2022,Tue,0.27
09/02/2022,Wed,0.27
10/02/2022,Thu,0.41
11/02/2022,Fri,0.37
14/02/2022,Mon,0.45
15/02/2022,Tue,0.41
16/02/2022,Wed,0.39
17/02/2022,Thu,0.37
18/02/2022,Fri,0.35
21/02/2022,Mon,.
22/02/2022,Tue,0.39
23/02/2022,Wed,0.36
24/02/2022,Thu,0.33
25/02/2022,Fri,0.33
28/02/2022,Mon,0.37
01/03/2022,Tue,0.32
02/03/2022,Wed,0.33
03/03/2022,Thu,0.37
04/03/2022,Fri,0.33
07/03/2022,Mon,0.38
08/03/2022,Tue,0.36
09/03/2022,Wed,0.38
10/03/2022,Thu,0.38
11/03/2022,Fri,0.39
14/03/2022,Mon,0.45
15/03/2022,Tue,0.46
16/03/2022,Wed,0.43
17/03/2022,Thu,0.4
18/03/2022,Fri,0.41
21/03/2022,Mon,0.55
22/03/2022,Tue,0.51
23/03/2022,Wed,0.5
24/03/2022,Thu,0.5
25/03/2022,Fri,0.53
28/03/2022,Mon,0.6
29/03/2022,Tue,0.56
30/03/2022,Wed,0.55
31/03/2022,Thu,0.51
01/04/2022,Fri,0.52
04/04/2022,Mon,0.67
05/04/2022,Tue,0.65
06/04/2022,Wed,0.67
07/04/2022,Thu,0.68
08/04/2022,Fri,0.69
11/04/2022,Mon,0.78
12/04/2022,Tue,0.74
13/04/2022,Wed,0.75
14/04/2022,Thu,0.78
15/04/2022,Fri,.
18/04/2022,Mon,0.82
19/04/2022,Tue,0.82
20/04/2022,Wed,0.82
21/04/2022,Thu,0.82
22/04/2022,Fri,0.82
25/04/2022,Mon,0.93
26/04/2022,Tue,0.84
27/04/2022,Wed,0.82
28/04/2022,Thu,0.81
29/04/2022,Fri,0.83
02/05/2022,Mon,0.9
03/05/2022,Tue,0.9
04/05/2022,Wed,0.88
05/05/2022,Thu,0.84
06/05/2022,Fri,0.84
09/05/2022,Mon,0.92
10/05/2022,Tue,0.89
11/05/2022,Wed,0.9
12/05/2022,Thu,0.95
13/05/2022,Fri,1.01
16/05/2022,Mon,1.07
17/05/2022,Tue,1.06
18/05/2022,Wed,1.02
19/05/2022,Thu,1.04
20/05/2022,Fri,1.01
23/05/2022,Mon,1.07
24/05/2022,Tue,1.05
25/05/2022,Wed,1.05
26/05/2022,Thu,1.06
27/05/2022,Fri,1.06
30/05/2022,Mon,.
31/05/2022,Tue,1.13
01/06/2022,Wed,1.12
02/06/2022,Thu,1.13
03/06/2022,Fri,1.17
06/06/2022,Mon,1.23
07/06/2022,Tue,1.24
08/06/2022,Wed,1.25
09/06/2022,Thu,1.26
10/06/2022,Fri,1.34
13/06/2022,Mon,1.69
14/06/2022,Tue,1.78
15/06/2022,Wed,1.69
16/06/2022,Thu,1.54
17/06/2022,Fri,1.58
20/06/2022,Mon,.
21/06/2022,Tue,1.66
22/06/2022,Wed,1.57
23/06/2022,Thu,1.59
24/06/2022,Fri,1.66
27/06/2022,Mon,1.75
28/06/2022,Tue,1.75
29/06/2022,Wed,1.73
30/06/2022,Thu,1.66
01/07/2022,Fri,1.66
04/07/2022,Mon,.
05/07/2022,Tue,1.86
06/07/2022,Wed,1.85
07/07/2022,Thu,1.89
08/07/2022,Fri,1.91
11/07/2022,Mon,2.13
12/07/2022,Tue,2.16
13/07/2022,Wed,2.33
14/07/2022,Thu,2.33
15/07/2022,Fri,2.29
18/07/2022,Mon,2.44
19/07/2022,Tue,2.46
20/07/2022,Wed,2.44
21/07/2022,Thu,2.4
22/07/2022,Fri,2.41
25/07/2022,Mon,2.55
26/07/2022,Tue,2.48
27/07/2022,Wed,2.37
28/07/2022,Thu,2.35
29/07/2022,Fri,2.34
01/08/2022,Mon,2.48
02/08/2022,Tue,2.48
03/08/2022,Wed,2.44
04/08/2022,Thu,2.41
05/08/2022,Fri,2.48
08/08/2022,Mon,2.57
09/08/2022,Tue,2.58
10/08/2022,Wed,2.56
11/08/2022,Thu,2.52
12/08/2022,Fri,2.53
15/08/2022,Mon,2.63
16/08/2022,Tue,2.61
17/08/2022,Wed,2.59
18/08/2022,Thu,2.61
19/08/2022,Fri,2.64
22/08/2022,Mon,2.74
23/08/2022,Tue,2.71
24/08/2022,Wed,2.73
25/08/2022,Thu,2.78
26/08/2022,Fri,2.78
29/08/2022,Mon,2.89
30/08/2022,Tue,2.88
31/08/2022,Wed,2.87
01/09/2022,Thu,2.88
02/09/2022,Fri,2.85
05/09/2022,Mon,.
06/09/2022,Tue,2.96
07/09/2022,Wed,2.98
08/09/2022,Thu,2.97
09/09/2022,Fri,2.98
12/09/2022,Mon,3.09
13/09/2022,Tue,3.19
14/09/2022,Wed,3.14
15/09/2022,Thu,3.12
16/09/2022,Fri,3.1
19/09/2022,Mon,3.29
20/09/2022,Tue,3.26
21/09/2022,Wed,3.21
22/09/2022,Thu,3.19
23/09/2022,Fri,3.12
26/09/2022,Mon,3.3
27/09/2022,Tue,3.26
28/09/2022,Wed,3.29
29/09/2022,Thu,3.26
30/09/2022,Fri,3.22
03/10/2022,Mon,3.34
04/10/2022,Tue,3.32
05/10/2022,Wed,3.33
06/10/2022,Thu,3.32
07/10/2022,Fri,3.31
10/10/2022,Mon,.
11/10/2022,Tue,3.53
12/10/2022,Wed,3.56
13/10/2022,Thu,3.64
14/10/2022,Fri,3.65
17/10/2022,Mon,3.82
18/10/2022,Tue,3.89
19/10/2022,Wed,3.91
20/10/2022,Thu,3.91
21/10/2022,Fri,3.9
24/10/2022,Mon,4
25/10/2022,Tue,3.97
26/10/2022,Wed,3.94
27/10/2022,Thu,3.95
28/10/2022,Fri,3.99
