Date,Day,VIXCLS
01/12/2017,Fri,11.43
04/12/2017,Mon,11.68
05/12/2017,Tue,11.33
06/12/2017,Wed,11.02
07/12/2017,Thu,10.16
08/12/2017,Fri,9.58
11/12/2017,Mon,9.34
12/12/2017,Tue,9.92
13/12/2017,Wed,10.18
14/12/2017,Thu,10.49
15/12/2017,Fri,9.42
18/12/2017,Mon,9.53
19/12/2017,Tue,10.03
20/12/2017,Wed,9.72
21/12/2017,Thu,9.62
22/12/2017,Fri,9.9
25/12/2017,Mon,.
26/12/2017,Tue,10.25
27/12/2017,Wed,10.47
28/12/2017,Thu,10.18
29/12/2017,Fri,11.04
01/01/2018,Mon,.
02/01/2018,Tue,9.77
03/01/2018,Wed,9.15
04/01/2018,Thu,9.22
05/01/2018,Fri,9.22
08/01/2018,Mon,9.52
09/01/2018,Tue,10.08
10/01/2018,Wed,9.82
11/01/2018,Thu,9.88
12/01/2018,Fri,10.16
15/01/2018,Mon,.
16/01/2018,Tue,11.66
17/01/2018,Wed,11.91
18/01/2018,Thu,12.22
19/01/2018,Fri,11.27
22/01/2018,Mon,11.03
23/01/2018,Tue,11.1
24/01/2018,Wed,11.47
25/01/2018,Thu,11.58
26/01/2018,Fri,11.08
29/01/2018,Mon,13.84
30/01/2018,Tue,14.79
31/01/2018,Wed,13.54
01/02/2018,Thu,13.47
02/02/2018,Fri,17.31
05/02/2018,Mon,37.32
06/02/2018,Tue,29.98
07/02/2018,Wed,27.73
08/02/2018,Thu,33.46
09/02/2018,Fri,29.06
12/02/2018,Mon,25.61
13/02/2018,Tue,24.97
14/02/2018,Wed,19.26
15/02/2018,Thu,19.13
16/02/2018,Fri,19.46
19/02/2018,Mon,.
20/02/2018,Tue,20.6
21/02/2018,Wed,20.02
22/02/2018,Thu,18.72
23/02/2018,Fri,16.49
26/02/2018,Mon,15.8
27/02/2018,Tue,18.59
28/02/2018,Wed,19.85
01/03/2018,Thu,22.47
02/03/2018,Fri,19.59
05/03/2018,Mon,18.73
06/03/2018,Tue,18.36
07/03/2018,Wed,17.76
08/03/2018,Thu,16.54
09/03/2018,Fri,14.64
12/03/2018,Mon,15.78
13/03/2018,Tue,16.35
14/03/2018,Wed,17.23
15/03/2018,Thu,16.59
16/03/2018,Fri,15.8
19/03/2018,Mon,19.02
20/03/2018,Tue,18.2
21/03/2018,Wed,17.86
22/03/2018,Thu,23.34
23/03/2018,Fri,24.87
26/03/2018,Mon,21.03
27/03/2018,Tue,22.5
28/03/2018,Wed,22.87
29/03/2018,Thu,19.97
30/03/2018,Fri,.
02/04/2018,Mon,23.62
03/04/2018,Tue,21.1
04/04/2018,Wed,20.06
05/04/2018,Thu,18.94
06/04/2018,Fri,21.49
09/04/2018,Mon,21.77
10/04/2018,Tue,20.47
11/04/2018,Wed,20.24
12/04/2018,Thu,18.49
13/04/2018,Fri,17.41
16/04/2018,Mon,16.56
17/04/2018,Tue,15.25
18/04/2018,Wed,15.6
19/04/2018,Thu,15.96
20/04/2018,Fri,16.88
23/04/2018,Mon,16.34
24/04/2018,Tue,18.02
25/04/2018,Wed,17.84
26/04/2018,Thu,16.24
27/04/2018,Fri,15.41
30/04/2018,Mon,15.93
01/05/2018,Tue,15.49
02/05/2018,Wed,15.97
03/05/2018,Thu,15.9
04/05/2018,Fri,14.77
07/05/2018,Mon,14.75
08/05/2018,Tue,14.71
09/05/2018,Wed,13.42
10/05/2018,Thu,13.23
11/05/2018,Fri,12.65
14/05/2018,Mon,12.93
15/05/2018,Tue,14.63
16/05/2018,Wed,13.42
17/05/2018,Thu,13.43
18/05/2018,Fri,13.42
21/05/2018,Mon,13.08
22/05/2018,Tue,13.22
23/05/2018,Wed,12.58
24/05/2018,Thu,12.53
25/05/2018,Fri,13.22
28/05/2018,Mon,.
29/05/2018,Tue,17.02
30/05/2018,Wed,14.94
31/05/2018,Thu,15.43
01/06/2018,Fri,13.46
04/06/2018,Mon,12.74
05/06/2018,Tue,12.4
06/06/2018,Wed,11.64
07/06/2018,Thu,12.13
08/06/2018,Fri,12.18
11/06/2018,Mon,12.35
12/06/2018,Tue,12.34
13/06/2018,Wed,12.94
14/06/2018,Thu,12.12
15/06/2018,Fri,11.98
18/06/2018,Mon,12.31
19/06/2018,Tue,13.35
20/06/2018,Wed,12.79
21/06/2018,Thu,14.64
22/06/2018,Fri,13.77
25/06/2018,Mon,17.33
26/06/2018,Tue,15.92
27/06/2018,Wed,17.91
28/06/2018,Thu,16.85
29/06/2018,Fri,16.09
02/07/2018,Mon,15.6
03/07/2018,Tue,16.14
04/07/2018,Wed,.
05/07/2018,Thu,14.97
06/07/2018,Fri,13.37
09/07/2018,Mon,12.69
10/07/2018,Tue,12.64
11/07/2018,Wed,13.63
12/07/2018,Thu,12.58
13/07/2018,Fri,12.18
16/07/2018,Mon,12.83
17/07/2018,Tue,12.06
18/07/2018,Wed,12.1
19/07/2018,Thu,12.87
20/07/2018,Fri,12.86
23/07/2018,Mon,12.62
24/07/2018,Tue,12.41
25/07/2018,Wed,12.29
26/07/2018,Thu,12.14
27/07/2018,Fri,13.03
30/07/2018,Mon,14.26
31/07/2018,Tue,12.83
01/08/2018,Wed,13.15
02/08/2018,Thu,12.19
03/08/2018,Fri,11.64
06/08/2018,Mon,11.27
07/08/2018,Tue,10.93
08/08/2018,Wed,10.85
09/08/2018,Thu,11.27
10/08/2018,Fri,13.16
13/08/2018,Mon,14.78
14/08/2018,Tue,13.31
15/08/2018,Wed,14.64
16/08/2018,Thu,13.45
17/08/2018,Fri,12.64
20/08/2018,Mon,12.49
21/08/2018,Tue,12.86
22/08/2018,Wed,12.25
23/08/2018,Thu,12.41
24/08/2018,Fri,11.99
27/08/2018,Mon,12.16
28/08/2018,Tue,12.5
29/08/2018,Wed,12.25
30/08/2018,Thu,13.53
31/08/2018,Fri,12.86
03/09/2018,Mon,.
04/09/2018,Tue,13.16
05/09/2018,Wed,13.91
06/09/2018,Thu,14.65
07/09/2018,Fri,14.88
10/09/2018,Mon,14.16
11/09/2018,Tue,13.22
12/09/2018,Wed,13.14
13/09/2018,Thu,12.37
14/09/2018,Fri,12.07
17/09/2018,Mon,13.68
18/09/2018,Tue,12.79
19/09/2018,Wed,11.75
20/09/2018,Thu,11.8
21/09/2018,Fri,11.68
24/09/2018,Mon,12.2
25/09/2018,Tue,12.42
26/09/2018,Wed,12.89
27/09/2018,Thu,12.41
28/09/2018,Fri,12.12
01/10/2018,Mon,12
02/10/2018,Tue,12.05
03/10/2018,Wed,11.61
04/10/2018,Thu,14.22
05/10/2018,Fri,14.82
08/10/2018,Mon,15.69
09/10/2018,Tue,15.95
10/10/2018,Wed,22.96
11/10/2018,Thu,24.98
12/10/2018,Fri,21.31
15/10/2018,Mon,21.3
16/10/2018,Tue,17.62
17/10/2018,Wed,17.4
18/10/2018,Thu,20.06
19/10/2018,Fri,19.89
22/10/2018,Mon,19.64
23/10/2018,Tue,20.71
24/10/2018,Wed,25.23
25/10/2018,Thu,24.22
26/10/2018,Fri,24.16
29/10/2018,Mon,24.7
30/10/2018,Tue,23.35
31/10/2018,Wed,21.23
01/11/2018,Thu,19.34
02/11/2018,Fri,19.51
05/11/2018,Mon,19.96
06/11/2018,Tue,19.91
07/11/2018,Wed,16.36
08/11/2018,Thu,16.72
09/11/2018,Fri,17.36
12/11/2018,Mon,20.45
13/11/2018,Tue,20.02
14/11/2018,Wed,21.25
15/11/2018,Thu,19.98
16/11/2018,Fri,18.14
19/11/2018,Mon,20.1
20/11/2018,Tue,22.48
21/11/2018,Wed,20.8
22/11/2018,Thu,.
23/11/2018,Fri,21.52
26/11/2018,Mon,18.9
27/11/2018,Tue,19.02
28/11/2018,Wed,18.49
29/11/2018,Thu,18.79
30/11/2018,Fri,18.07
03/12/2018,Mon,16.44
04/12/2018,Tue,20.74
05/12/2018,Wed,.
06/12/2018,Thu,21.19
07/12/2018,Fri,23.23
10/12/2018,Mon,22.64
11/12/2018,Tue,21.76
12/12/2018,Wed,21.46
13/12/2018,Thu,20.65
14/12/2018,Fri,21.63
17/12/2018,Mon,24.52
18/12/2018,Tue,25.58
19/12/2018,Wed,25.58
20/12/2018,Thu,28.38
21/12/2018,Fri,30.11
24/12/2018,Mon,36.07
25/12/2018,Tue,.
26/12/2018,Wed,30.41
27/12/2018,Thu,29.96
28/12/2018,Fri,28.34
31/12/2018,Mon,25.42
01/01/2019,Tue,.
02/01/2019,Wed,23.22
03/01/2019,Thu,25.45
04/01/2019,Fri,21.38
07/01/2019,Mon,21.4
08/01/2019,Tue,20.47
09/01/2019,Wed,19.98
10/01/2019,Thu,19.5
11/01/2019,Fri,18.19
14/01/2019,Mon,19.07
15/01/2019,Tue,18.6
16/01/2019,Wed,19.04
17/01/2019,Thu,18.06
18/01/2019,Fri,17.8
21/01/2019,Mon,.
22/01/2019,Tue,20.8
23/01/2019,Wed,19.52
24/01/2019,Thu,18.89
25/01/2019,Fri,17.42
28/01/2019,Mon,18.87
29/01/2019,Tue,19.13
30/01/2019,Wed,17.66
31/01/2019,Thu,16.57
01/02/2019,Fri,16.14
04/02/2019,Mon,15.73
05/02/2019,Tue,15.57
06/02/2019,Wed,15.38
07/02/2019,Thu,16.37
08/02/2019,Fri,15.72
11/02/2019,Mon,15.97
12/02/2019,Tue,15.43
13/02/2019,Wed,15.65
14/02/2019,Thu,16.22
15/02/2019,Fri,14.91
18/02/2019,Mon,.
19/02/2019,Tue,14.88
20/02/2019,Wed,14.02
21/02/2019,Thu,14.46
22/02/2019,Fri,13.51
25/02/2019,Mon,14.85
26/02/2019,Tue,15.17
27/02/2019,Wed,14.7
28/02/2019,Thu,14.7
01/03/2019,Fri,13.57
04/03/2019,Mon,14.63
05/03/2019,Tue,14.74
06/03/2019,Wed,15.74
07/03/2019,Thu,16.59
08/03/2019,Fri,16.05
11/03/2019,Mon,14.33
12/03/2019,Tue,13.77
13/03/2019,Wed,13.41
14/03/2019,Thu,13.5
15/03/2019,Fri,12.88
18/03/2019,Mon,13.1
19/03/2019,Tue,13.56
20/03/2019,Wed,13.91
21/03/2019,Thu,13.63
22/03/2019,Fri,16.48
25/03/2019,Mon,16.33
26/03/2019,Tue,14.68
27/03/2019,Wed,15.15
28/03/2019,Thu,14.43
29/03/2019,Fri,13.71
01/04/2019,Mon,13.4
02/04/2019,Tue,13.36
03/04/2019,Wed,13.74
04/04/2019,Thu,13.58
05/04/2019,Fri,12.82
08/04/2019,Mon,13.18
09/04/2019,Tue,14.28
10/04/2019,Wed,13.3
11/04/2019,Thu,13.02
12/04/2019,Fri,12.01
15/04/2019,Mon,12.32
16/04/2019,Tue,12.18
17/04/2019,Wed,12.6
18/04/2019,Thu,12.09
19/04/2019,Fri,.
22/04/2019,Mon,12.42
23/04/2019,Tue,12.28
24/04/2019,Wed,13.14
25/04/2019,Thu,13.25
26/04/2019,Fri,12.73
29/04/2019,Mon,13.11
30/04/2019,Tue,13.12
01/05/2019,Wed,14.8
02/05/2019,Thu,14.42
03/05/2019,Fri,12.87
06/05/2019,Mon,15.44
07/05/2019,Tue,19.32
08/05/2019,Wed,19.4
09/05/2019,Thu,19.1
10/05/2019,Fri,16.04
13/05/2019,Mon,20.55
14/05/2019,Tue,18.06
15/05/2019,Wed,16.44
16/05/2019,Thu,15.29
17/05/2019,Fri,15.96
20/05/2019,Mon,16.31
21/05/2019,Tue,14.95
22/05/2019,Wed,14.75
23/05/2019,Thu,16.92
24/05/2019,Fri,15.85
27/05/2019,Mon,.
28/05/2019,Tue,17.5
29/05/2019,Wed,17.9
30/05/2019,Thu,17.3
31/05/2019,Fri,18.71
03/06/2019,Mon,18.86
04/06/2019,Tue,16.97
05/06/2019,Wed,16.09
06/06/2019,Thu,15.93
07/06/2019,Fri,16.3
10/06/2019,Mon,15.94
11/06/2019,Tue,15.99
12/06/2019,Wed,15.91
13/06/2019,Thu,15.82
14/06/2019,Fri,15.28
17/06/2019,Mon,15.35
18/06/2019,Tue,15.15
19/06/2019,Wed,14.33
20/06/2019,Thu,14.75
21/06/2019,Fri,15.4
24/06/2019,Mon,15.26
25/06/2019,Tue,16.28
26/06/2019,Wed,16.21
27/06/2019,Thu,15.82
28/06/2019,Fri,15.08
01/07/2019,Mon,14.06
02/07/2019,Tue,12.93
03/07/2019,Wed,12.57
04/07/2019,Thu,.
05/07/2019,Fri,13.28
08/07/2019,Mon,13.96
09/07/2019,Tue,14.09
10/07/2019,Wed,13.03
11/07/2019,Thu,12.93
12/07/2019,Fri,12.39
15/07/2019,Mon,12.68
16/07/2019,Tue,12.86
17/07/2019,Wed,13.97
18/07/2019,Thu,13.53
19/07/2019,Fri,14.45
22/07/2019,Mon,13.53
23/07/2019,Tue,12.61
24/07/2019,Wed,12.07
25/07/2019,Thu,12.74
26/07/2019,Fri,12.16
29/07/2019,Mon,12.83
30/07/2019,Tue,13.94
31/07/2019,Wed,16.12
01/08/2019,Thu,17.87
02/08/2019,Fri,17.61
05/08/2019,Mon,24.59
06/08/2019,Tue,20.17
07/08/2019,Wed,19.49
08/08/2019,Thu,16.91
09/08/2019,Fri,17.97
12/08/2019,Mon,21.09
13/08/2019,Tue,17.52
14/08/2019,Wed,22.1
15/08/2019,Thu,21.18
16/08/2019,Fri,18.47
19/08/2019,Mon,16.88
20/08/2019,Tue,17.5
21/08/2019,Wed,15.8
22/08/2019,Thu,16.68
23/08/2019,Fri,19.87
26/08/2019,Mon,19.32
27/08/2019,Tue,20.31
28/08/2019,Wed,19.35
29/08/2019,Thu,17.88
30/08/2019,Fri,18.98
02/09/2019,Mon,.
03/09/2019,Tue,19.66
04/09/2019,Wed,17.33
05/09/2019,Thu,16.27
06/09/2019,Fri,15
09/09/2019,Mon,15.27
10/09/2019,Tue,15.2
11/09/2019,Wed,14.61
12/09/2019,Thu,14.22
13/09/2019,Fri,13.74
16/09/2019,Mon,14.67
17/09/2019,Tue,14.44
18/09/2019,Wed,13.95
19/09/2019,Thu,14.05
20/09/2019,Fri,15.32
23/09/2019,Mon,14.91
24/09/2019,Tue,17.05
25/09/2019,Wed,15.96
26/09/2019,Thu,16.07
27/09/2019,Fri,17.22
30/09/2019,Mon,16.24
01/10/2019,Tue,18.56
02/10/2019,Wed,20.56
03/10/2019,Thu,19.12
04/10/2019,Fri,17.04
07/10/2019,Mon,17.86
08/10/2019,Tue,20.28
09/10/2019,Wed,18.64
10/10/2019,Thu,17.57
11/10/2019,Fri,15.58
14/10/2019,Mon,14.57
15/10/2019,Tue,13.54
16/10/2019,Wed,13.68
17/10/2019,Thu,13.79
18/10/2019,Fri,14.25
21/10/2019,Mon,14
22/10/2019,Tue,14.46
23/10/2019,Wed,14.01
24/10/2019,Thu,13.71
25/10/2019,Fri,12.65
28/10/2019,Mon,13.11
29/10/2019,Tue,13.2
30/10/2019,Wed,12.33
31/10/2019,Thu,13.22
01/11/2019,Fri,12.3
04/11/2019,Mon,12.83
05/11/2019,Tue,13.1
06/11/2019,Wed,12.62
07/11/2019,Thu,12.73
08/11/2019,Fri,12.07
11/11/2019,Mon,12.69
12/11/2019,Tue,12.68
13/11/2019,Wed,13
14/11/2019,Thu,13.05
15/11/2019,Fri,12.05
18/11/2019,Mon,12.46
19/11/2019,Tue,12.86
20/11/2019,Wed,12.78
21/11/2019,Thu,13.13
22/11/2019,Fri,12.34
25/11/2019,Mon,11.87
26/11/2019,Tue,11.54
27/11/2019,Wed,11.75
28/11/2019,Thu,.
29/11/2019,Fri,12.62
02/12/2019,Mon,14.91
03/12/2019,Tue,15.96
04/12/2019,Wed,14.8
05/12/2019,Thu,14.52
06/12/2019,Fri,13.62
09/12/2019,Mon,15.86
10/12/2019,Tue,15.68
11/12/2019,Wed,14.99
12/12/2019,Thu,13.94
13/12/2019,Fri,12.63
16/12/2019,Mon,12.14
17/12/2019,Tue,12.29
18/12/2019,Wed,12.58
19/12/2019,Thu,12.5
20/12/2019,Fri,12.51
23/12/2019,Mon,12.61
24/12/2019,Tue,12.67
25/12/2019,Wed,.
26/12/2019,Thu,12.65
27/12/2019,Fri,13.43
30/12/2019,Mon,14.82
31/12/2019,Tue,13.78
01/01/2020,Wed,.
02/01/2020,Thu,12.47
03/01/2020,Fri,14.02
06/01/2020,Mon,13.85
07/01/2020,Tue,13.79
08/01/2020,Wed,13.45
09/01/2020,Thu,12.54
10/01/2020,Fri,12.56
13/01/2020,Mon,12.32
14/01/2020,Tue,12.39
15/01/2020,Wed,12.42
16/01/2020,Thu,12.32
17/01/2020,Fri,12.1
20/01/2020,Mon,.
21/01/2020,Tue,12.85
22/01/2020,Wed,12.91
23/01/2020,Thu,12.98
24/01/2020,Fri,14.56
27/01/2020,Mon,18.23
28/01/2020,Tue,16.28
29/01/2020,Wed,16.39
30/01/2020,Thu,15.49
31/01/2020,Fri,18.84
03/02/2020,Mon,17.97
04/02/2020,Tue,16.05
05/02/2020,Wed,15.15
06/02/2020,Thu,14.96
07/02/2020,Fri,15.47
10/02/2020,Mon,15.04
11/02/2020,Tue,15.18
12/02/2020,Wed,13.74
13/02/2020,Thu,14.15
14/02/2020,Fri,13.68
17/02/2020,Mon,.
18/02/2020,Tue,14.83
19/02/2020,Wed,14.38
20/02/2020,Thu,15.56
21/02/2020,Fri,17.08
24/02/2020,Mon,25.03
25/02/2020,Tue,27.85
26/02/2020,Wed,27.56
27/02/2020,Thu,39.16
28/02/2020,Fri,40.11
02/03/2020,Mon,33.42
03/03/2020,Tue,36.82
04/03/2020,Wed,31.99
05/03/2020,Thu,39.62
06/03/2020,Fri,41.94
09/03/2020,Mon,54.46
10/03/2020,Tue,47.3
11/03/2020,Wed,53.9
12/03/2020,Thu,75.47
13/03/2020,Fri,57.83
16/03/2020,Mon,82.69
17/03/2020,Tue,75.91
18/03/2020,Wed,76.45
19/03/2020,Thu,72
20/03/2020,Fri,66.04
23/03/2020,Mon,61.59
24/03/2020,Tue,61.67
25/03/2020,Wed,63.95
26/03/2020,Thu,61
27/03/2020,Fri,65.54
30/03/2020,Mon,57.08
31/03/2020,Tue,53.54
01/04/2020,Wed,57.06
02/04/2020,Thu,50.91
03/04/2020,Fri,46.8
06/04/2020,Mon,45.24
07/04/2020,Tue,46.7
08/04/2020,Wed,43.35
09/04/2020,Thu,41.67
10/04/2020,Fri,.
13/04/2020,Mon,41.17
14/04/2020,Tue,37.76
15/04/2020,Wed,40.84
16/04/2020,Thu,40.11
17/04/2020,Fri,38.15
20/04/2020,Mon,43.83
21/04/2020,Tue,45.41
22/04/2020,Wed,41.98
23/04/2020,Thu,41.38
24/04/2020,Fri,35.93
27/04/2020,Mon,33.29
28/04/2020,Tue,33.57
29/04/2020,Wed,31.23
30/04/2020,Thu,34.15
01/05/2020,Fri,37.19
04/05/2020,Mon,35.97
05/05/2020,Tue,33.61
06/05/2020,Wed,34.12
07/05/2020,Thu,31.44
08/05/2020,Fri,27.98
11/05/2020,Mon,27.57
12/05/2020,Tue,33.04
13/05/2020,Wed,35.28
14/05/2020,Thu,32.61
15/05/2020,Fri,31.89
18/05/2020,Mon,29.3
19/05/2020,Tue,30.53
20/05/2020,Wed,27.99
21/05/2020,Thu,29.53
22/05/2020,Fri,28.16
25/05/2020,Mon,.
26/05/2020,Tue,28.01
27/05/2020,Wed,27.62
28/05/2020,Thu,28.59
29/05/2020,Fri,27.51
01/06/2020,Mon,28.23
02/06/2020,Tue,26.84
03/06/2020,Wed,25.66
04/06/2020,Thu,25.81
05/06/2020,Fri,24.52
08/06/2020,Mon,25.81
09/06/2020,Tue,27.57
10/06/2020,Wed,27.57
11/06/2020,Thu,40.79
12/06/2020,Fri,36.09
15/06/2020,Mon,34.4
16/06/2020,Tue,33.67
17/06/2020,Wed,33.47
18/06/2020,Thu,32.94
19/06/2020,Fri,35.12
22/06/2020,Mon,31.77
23/06/2020,Tue,31.37
24/06/2020,Wed,33.84
25/06/2020,Thu,32.22
26/06/2020,Fri,34.73
29/06/2020,Mon,31.78
30/06/2020,Tue,30.43
01/07/2020,Wed,28.62
02/07/2020,Thu,27.68
03/07/2020,Fri,.
06/07/2020,Mon,27.94
07/07/2020,Tue,29.43
08/07/2020,Wed,28.08
09/07/2020,Thu,29.26
10/07/2020,Fri,27.29
13/07/2020,Mon,32.19
14/07/2020,Tue,29.52
15/07/2020,Wed,27.76
16/07/2020,Thu,28
17/07/2020,Fri,25.68
20/07/2020,Mon,24.46
21/07/2020,Tue,24.84
22/07/2020,Wed,24.32
23/07/2020,Thu,26.08
24/07/2020,Fri,25.84
27/07/2020,Mon,24.74
28/07/2020,Tue,25.44
29/07/2020,Wed,24.1
30/07/2020,Thu,24.76
31/07/2020,Fri,24.46
03/08/2020,Mon,24.28
04/08/2020,Tue,23.76
05/08/2020,Wed,22.99
06/08/2020,Thu,22.65
07/08/2020,Fri,22.21
10/08/2020,Mon,22.13
11/08/2020,Tue,24.03
12/08/2020,Wed,22.28
13/08/2020,Thu,22.13
14/08/2020,Fri,22.05
17/08/2020,Mon,21.35
18/08/2020,Tue,21.51
19/08/2020,Wed,22.54
20/08/2020,Thu,22.72
21/08/2020,Fri,22.54
24/08/2020,Mon,22.37
25/08/2020,Tue,22.03
26/08/2020,Wed,23.27
27/08/2020,Thu,24.47
28/08/2020,Fri,22.96
31/08/2020,Mon,26.41
01/09/2020,Tue,26.12
02/09/2020,Wed,26.57
03/09/2020,Thu,33.6
04/09/2020,Fri,30.75
07/09/2020,Mon,.
08/09/2020,Tue,31.46
09/09/2020,Wed,28.81
10/09/2020,Thu,29.71
11/09/2020,Fri,26.87
14/09/2020,Mon,25.85
15/09/2020,Tue,25.59
16/09/2020,Wed,26.04
17/09/2020,Thu,26.46
18/09/2020,Fri,25.83
21/09/2020,Mon,27.78
22/09/2020,Tue,26.86
23/09/2020,Wed,28.58
24/09/2020,Thu,28.51
25/09/2020,Fri,26.38
28/09/2020,Mon,26.19
29/09/2020,Tue,26.27
30/09/2020,Wed,26.37
01/10/2020,Thu,26.7
02/10/2020,Fri,27.63
05/10/2020,Mon,27.96
06/10/2020,Tue,29.48
07/10/2020,Wed,28.06
08/10/2020,Thu,26.36
09/10/2020,Fri,25
12/10/2020,Mon,25.07
13/10/2020,Tue,26.07
14/10/2020,Wed,26.4
15/10/2020,Thu,26.97
16/10/2020,Fri,27.41
19/10/2020,Mon,29.18
20/10/2020,Tue,29.35
21/10/2020,Wed,28.65
22/10/2020,Thu,28.11
23/10/2020,Fri,27.55
26/10/2020,Mon,32.46
27/10/2020,Tue,33.35
28/10/2020,Wed,40.28
29/10/2020,Thu,37.59
30/10/2020,Fri,38.02
02/11/2020,Mon,37.13
03/11/2020,Tue,35.55
04/11/2020,Wed,29.57
05/11/2020,Thu,27.58
06/11/2020,Fri,24.86
09/11/2020,Mon,25.75
10/11/2020,Tue,24.8
11/11/2020,Wed,23.45
12/11/2020,Thu,25.35
13/11/2020,Fri,23.1
16/11/2020,Mon,22.45
17/11/2020,Tue,22.71
18/11/2020,Wed,23.84
19/11/2020,Thu,23.11
20/11/2020,Fri,23.7
23/11/2020,Mon,22.66
24/11/2020,Tue,21.64
25/11/2020,Wed,21.25
26/11/2020,Thu,.
27/11/2020,Fri,20.84
30/11/2020,Mon,20.57
01/12/2020,Tue,20.77
02/12/2020,Wed,21.17
03/12/2020,Thu,21.28
04/12/2020,Fri,20.79
07/12/2020,Mon,21.3
08/12/2020,Tue,20.68
09/12/2020,Wed,22.27
10/12/2020,Thu,22.52
11/12/2020,Fri,23.31
14/12/2020,Mon,24.72
15/12/2020,Tue,22.89
16/12/2020,Wed,22.5
17/12/2020,Thu,21.93
18/12/2020,Fri,21.57
21/12/2020,Mon,25.16
22/12/2020,Tue,24.23
23/12/2020,Wed,23.31
24/12/2020,Thu,21.53
25/12/2020,Fri,.
28/12/2020,Mon,21.7
29/12/2020,Tue,23.08
30/12/2020,Wed,22.77
31/12/2020,Thu,22.75
01/01/2021,Fri,.
04/01/2021,Mon,26.97
05/01/2021,Tue,25.34
06/01/2021,Wed,25.07
07/01/2021,Thu,22.37
08/01/2021,Fri,21.56
11/01/2021,Mon,24.08
12/01/2021,Tue,23.33
13/01/2021,Wed,22.21
14/01/2021,Thu,23.25
15/01/2021,Fri,24.34
18/01/2021,Mon,.
19/01/2021,Tue,23.24
20/01/2021,Wed,21.58
21/01/2021,Thu,21.32
22/01/2021,Fri,21.91
25/01/2021,Mon,23.19
26/01/2021,Tue,23.02
27/01/2021,Wed,37.21
28/01/2021,Thu,30.21
29/01/2021,Fri,33.09
01/02/2021,Mon,30.24
02/02/2021,Tue,25.56
03/02/2021,Wed,22.91
04/02/2021,Thu,21.77
05/02/2021,Fri,20.87
08/02/2021,Mon,21.24
09/02/2021,Tue,21.63
10/02/2021,Wed,21.99
11/02/2021,Thu,21.25
12/02/2021,Fri,19.97
15/02/2021,Mon,.
16/02/2021,Tue,21.46
17/02/2021,Wed,21.5
18/02/2021,Thu,22.49
19/02/2021,Fri,22.05
22/02/2021,Mon,23.45
23/02/2021,Tue,23.11
24/02/2021,Wed,21.34
25/02/2021,Thu,28.89
26/02/2021,Fri,27.95
01/03/2021,Mon,23.35
02/03/2021,Tue,24.1
03/03/2021,Wed,26.67
04/03/2021,Thu,28.57
05/03/2021,Fri,24.66
08/03/2021,Mon,25.47
09/03/2021,Tue,24.03
10/03/2021,Wed,22.56
11/03/2021,Thu,21.91
12/03/2021,Fri,20.69
15/03/2021,Mon,20.03
16/03/2021,Tue,19.79
17/03/2021,Wed,19.23
18/03/2021,Thu,21.58
19/03/2021,Fri,20.95
22/03/2021,Mon,18.88
23/03/2021,Tue,20.3
24/03/2021,Wed,21.2
25/03/2021,Thu,19.81
26/03/2021,Fri,18.86
29/03/2021,Mon,20.74
30/03/2021,Tue,19.61
31/03/2021,Wed,19.4
01/04/2021,Thu,17.33
02/04/2021,Fri,.
05/04/2021,Mon,17.91
06/04/2021,Tue,18.12
07/04/2021,Wed,17.16
08/04/2021,Thu,16.95
09/04/2021,Fri,16.69
12/04/2021,Mon,16.91
13/04/2021,Tue,16.65
14/04/2021,Wed,16.99
15/04/2021,Thu,16.57
16/04/2021,Fri,16.25
19/04/2021,Mon,17.29
20/04/2021,Tue,18.68
21/04/2021,Wed,17.5
22/04/2021,Thu,18.71
23/04/2021,Fri,17.33
26/04/2021,Mon,17.64
27/04/2021,Tue,17.56
28/04/2021,Wed,17.28
29/04/2021,Thu,17.61
30/04/2021,Fri,18.61
03/05/2021,Mon,18.31
04/05/2021,Tue,19.48
05/05/2021,Wed,19.15
06/05/2021,Thu,18.39
07/05/2021,Fri,16.69
10/05/2021,Mon,19.66
11/05/2021,Tue,21.84
12/05/2021,Wed,27.59
13/05/2021,Thu,23.13
14/05/2021,Fri,18.81
17/05/2021,Mon,19.72
18/05/2021,Tue,21.34
19/05/2021,Wed,22.18
20/05/2021,Thu,20.67
21/05/2021,Fri,20.15
24/05/2021,Mon,18.4
25/05/2021,Tue,18.84
26/05/2021,Wed,17.36
27/05/2021,Thu,16.74
28/05/2021,Fri,16.76
31/05/2021,Mon,.
01/06/2021,Tue,17.9
02/06/2021,Wed,17.48
03/06/2021,Thu,18.04
04/06/2021,Fri,16.42
07/06/2021,Mon,16.42
08/06/2021,Tue,17.07
09/06/2021,Wed,17.89
10/06/2021,Thu,16.1
11/06/2021,Fri,15.65
14/06/2021,Mon,16.39
15/06/2021,Tue,17.02
16/06/2021,Wed,18.15
17/06/2021,Thu,17.75
18/06/2021,Fri,20.7
21/06/2021,Mon,17.89
22/06/2021,Tue,16.66
23/06/2021,Wed,16.32
24/06/2021,Thu,15.97
25/06/2021,Fri,15.62
28/06/2021,Mon,15.76
29/06/2021,Tue,16.02
30/06/2021,Wed,15.83
01/07/2021,Thu,15.48
02/07/2021,Fri,15.07
05/07/2021,Mon,.
06/07/2021,Tue,16.44
07/07/2021,Wed,16.2
08/07/2021,Thu,19
09/07/2021,Fri,16.18
12/07/2021,Mon,16.17
13/07/2021,Tue,17.12
14/07/2021,Wed,16.33
15/07/2021,Thu,17.01
16/07/2021,Fri,18.45
19/07/2021,Mon,22.5
20/07/2021,Tue,19.73
21/07/2021,Wed,17.91
22/07/2021,Thu,17.69
23/07/2021,Fri,17.2
26/07/2021,Mon,17.58
27/07/2021,Tue,19.36
28/07/2021,Wed,18.31
29/07/2021,Thu,17.7
30/07/2021,Fri,18.24
02/08/2021,Mon,19.46
03/08/2021,Tue,18.04
04/08/2021,Wed,17.97
05/08/2021,Thu,17.28
06/08/2021,Fri,16.15
09/08/2021,Mon,16.72
10/08/2021,Tue,16.79
11/08/2021,Wed,16.06
12/08/2021,Thu,15.59
13/08/2021,Fri,15.45
16/08/2021,Mon,16.12
17/08/2021,Tue,17.91
18/08/2021,Wed,21.57
19/08/2021,Thu,21.67
20/08/2021,Fri,18.56
23/08/2021,Mon,17.15
24/08/2021,Tue,17.22
25/08/2021,Wed,16.79
26/08/2021,Thu,18.84
27/08/2021,Fri,16.39
30/08/2021,Mon,16.19
31/08/2021,Tue,16.48
01/09/2021,Wed,16.11
02/09/2021,Thu,16.41
03/09/2021,Fri,16.41
06/09/2021,Mon,.
07/09/2021,Tue,18.14
08/09/2021,Wed,17.96
09/09/2021,Thu,18.8
10/09/2021,Fri,20.95
13/09/2021,Mon,19.37
14/09/2021,Tue,19.46
15/09/2021,Wed,18.18
16/09/2021,Thu,18.69
17/09/2021,Fri,20.81
20/09/2021,Mon,25.71
21/09/2021,Tue,24.36
22/09/2021,Wed,20.87
23/09/2021,Thu,18.63
24/09/2021,Fri,17.75
27/09/2021,Mon,18.76
28/09/2021,Tue,23.25
29/09/2021,Wed,22.56
30/09/2021,Thu,23.14
01/10/2021,Fri,21.15
04/10/2021,Mon,22.96
05/10/2021,Tue,21.3
06/10/2021,Wed,21
07/10/2021,Thu,19.54
08/10/2021,Fri,18.77
11/10/2021,Mon,20
12/10/2021,Tue,19.85
13/10/2021,Wed,18.64
14/10/2021,Thu,16.86
15/10/2021,Fri,16.3
18/10/2021,Mon,16.31
19/10/2021,Tue,15.7
20/10/2021,Wed,15.49
21/10/2021,Thu,15.01
22/10/2021,Fri,15.43
25/10/2021,Mon,15.24
26/10/2021,Tue,15.98
27/10/2021,Wed,16.98
28/10/2021,Thu,16.53
29/10/2021,Fri,16.26
01/11/2021,Mon,16.41
02/11/2021,Tue,16.03
03/11/2021,Wed,15.1
04/11/2021,Thu,15.44
05/11/2021,Fri,16.48
08/11/2021,Mon,17.22
09/11/2021,Tue,17.78
10/11/2021,Wed,18.73
11/11/2021,Thu,17.66
12/11/2021,Fri,16.29
15/11/2021,Mon,16.49
16/11/2021,Tue,16.37
17/11/2021,Wed,17.11
18/11/2021,Thu,17.59
19/11/2021,Fri,17.91
22/11/2021,Mon,19.17
23/11/2021,Tue,19.38
24/11/2021,Wed,18.58
25/11/2021,Thu,.
26/11/2021,Fri,28.62
29/11/2021,Mon,22.96
30/11/2021,Tue,27.19
01/12/2021,Wed,31.12
02/12/2021,Thu,27.95
03/12/2021,Fri,30.67
06/12/2021,Mon,27.18
07/12/2021,Tue,21.89
08/12/2021,Wed,19.9
09/12/2021,Thu,21.58
10/12/2021,Fri,18.69
13/12/2021,Mon,20.31
14/12/2021,Tue,21.89
15/12/2021,Wed,19.29
16/12/2021,Thu,20.57
17/12/2021,Fri,21.57
20/12/2021,Mon,22.87
21/12/2021,Tue,21.01
22/12/2021,Wed,18.63
23/12/2021,Thu,17.96
24/12/2021,Fri,.
27/12/2021,Mon,17.68
28/12/2021,Tue,17.54
29/12/2021,Wed,16.95
30/12/2021,Thu,17.33
31/12/2021,Fri,17.22
03/01/2022,Mon,16.6
04/01/2022,Tue,16.91
05/01/2022,Wed,19.73
06/01/2022,Thu,19.61
07/01/2022,Fri,18.76
10/01/2022,Mon,19.4
11/01/2022,Tue,18.41
12/01/2022,Wed,17.62
13/01/2022,Thu,20.31
14/01/2022,Fri,19.19
17/01/2022,Mon,.
18/01/2022,Tue,22.79
19/01/2022,Wed,23.85
20/01/2022,Thu,25.59
21/01/2022,Fri,28.85
24/01/2022,Mon,29.9
25/01/2022,Tue,31.16
26/01/2022,Wed,31.96
27/01/2022,Thu,30.49
28/01/2022,Fri,27.66
31/01/2022,Mon,24.83
01/02/2022,Tue,21.96
02/02/2022,Wed,22.09
03/02/2022,Thu,24.35
04/02/2022,Fri,23.22
07/02/2022,Mon,22.86
08/02/2022,Tue,21.44
09/02/2022,Wed,19.96
10/02/2022,Thu,23.91
11/02/2022,Fri,27.36
14/02/2022,Mon,28.33
15/02/2022,Tue,25.7
16/02/2022,Wed,24.29
17/02/2022,Thu,28.11
18/02/2022,Fri,27.75
21/02/2022,Mon,.
22/02/2022,Tue,28.81
23/02/2022,Wed,31.02
24/02/2022,Thu,30.32
25/02/2022,Fri,27.59
28/02/2022,Mon,30.15
01/03/2022,Tue,33.32
02/03/2022,Wed,30.74
03/03/2022,Thu,30.48
04/03/2022,Fri,31.98
07/03/2022,Mon,36.45
08/03/2022,Tue,35.13
09/03/2022,Wed,32.45
10/03/2022,Thu,30.23
11/03/2022,Fri,30.75
14/03/2022,Mon,31.77
15/03/2022,Tue,29.83
16/03/2022,Wed,26.67
17/03/2022,Thu,25.67
18/03/2022,Fri,23.87
21/03/2022,Mon,23.53
22/03/2022,Tue,22.94
23/03/2022,Wed,23.57
24/03/2022,Thu,21.67
25/03/2022,Fri,20.81
28/03/2022,Mon,19.63
29/03/2022,Tue,18.9
30/03/2022,Wed,19.33
31/03/2022,Thu,20.56
01/04/2022,Fri,19.63
04/04/2022,Mon,18.57
05/04/2022,Tue,21.03
06/04/2022,Wed,22.1
07/04/2022,Thu,21.55
08/04/2022,Fri,21.16
11/04/2022,Mon,24.37
12/04/2022,Tue,24.26
13/04/2022,Wed,21.82
14/04/2022,Thu,22.7
15/04/2022,Fri,.
18/04/2022,Mon,22.17
19/04/2022,Tue,21.37
20/04/2022,Wed,20.32
21/04/2022,Thu,22.68
22/04/2022,Fri,28.21
25/04/2022,Mon,27.02
26/04/2022,Tue,33.52
27/04/2022,Wed,31.6
28/04/2022,Thu,29.99
29/04/2022,Fri,33.4
02/05/2022,Mon,32.34
03/05/2022,Tue,29.25
04/05/2022,Wed,25.42
05/05/2022,Thu,31.2
06/05/2022,Fri,30.19
09/05/2022,Mon,34.75
10/05/2022,Tue,32.99
11/05/2022,Wed,32.56
12/05/2022,Thu,31.77
13/05/2022,Fri,28.87
16/05/2022,Mon,27.47
17/05/2022,Tue,26.1
18/05/2022,Wed,30.96
19/05/2022,Thu,29.35
20/05/2022,Fri,29.43
23/05/2022,Mon,28.48
24/05/2022,Tue,29.45
25/05/2022,Wed,28.37
26/05/2022,Thu,27.5
27/05/2022,Fri,25.72
30/05/2022,Mon,26.54
31/05/2022,Tue,26.19
01/06/2022,Wed,25.69
02/06/2022,Thu,24.72
03/06/2022,Fri,24.79
06/06/2022,Mon,25.07
07/06/2022,Tue,24.02
08/06/2022,Wed,23.96
09/06/2022,Thu,26.09
10/06/2022,Fri,27.75
13/06/2022,Mon,34.02
14/06/2022,Tue,32.69
15/06/2022,Wed,29.62
16/06/2022,Thu,32.95
17/06/2022,Fri,31.13
20/06/2022,Mon,31.03
21/06/2022,Tue,30.19
22/06/2022,Wed,28.95
23/06/2022,Thu,29.05
24/06/2022,Fri,27.23
27/06/2022,Mon,26.95
28/06/2022,Tue,28.36
29/06/2022,Wed,28.16
30/06/2022,Thu,28.71
01/07/2022,Fri,26.7
04/07/2022,Mon,27.53
05/07/2022,Tue,27.54
06/07/2022,Wed,26.73
07/07/2022,Thu,26.08
08/07/2022,Fri,24.64
11/07/2022,Mon,26.17
12/07/2022,Tue,27.29
13/07/2022,Wed,26.82
14/07/2022,Thu,26.4
15/07/2022,Fri,24.23
18/07/2022,Mon,25.3
19/07/2022,Tue,24.5
20/07/2022,Wed,23.88
21/07/2022,Thu,23.11
22/07/2022,Fri,23.03
25/07/2022,Mon,23.36
26/07/2022,Tue,24.69
27/07/2022,Wed,23.24
28/07/2022,Thu,22.33
29/07/2022,Fri,21.33
01/08/2022,Mon,22.84
02/08/2022,Tue,23.93
03/08/2022,Wed,21.95
04/08/2022,Thu,21.44
05/08/2022,Fri,21.15
08/08/2022,Mon,21.29
09/08/2022,Tue,21.77
10/08/2022,Wed,19.74
11/08/2022,Thu,20.2
12/08/2022,Fri,19.53
15/08/2022,Mon,19.95
16/08/2022,Tue,19.69
17/08/2022,Wed,19.9
18/08/2022,Thu,19.56
19/08/2022,Fri,20.6
22/08/2022,Mon,23.8
23/08/2022,Tue,24.11
24/08/2022,Wed,22.82
25/08/2022,Thu,21.78
26/08/2022,Fri,25.56
29/08/2022,Mon,26.21
30/08/2022,Tue,26.21
31/08/2022,Wed,25.87
01/09/2022,Thu,25.56
02/09/2022,Fri,25.47
05/09/2022,Mon,25.99
06/09/2022,Tue,26.91
07/09/2022,Wed,24.64
08/09/2022,Thu,23.61
09/09/2022,Fri,22.79
12/09/2022,Mon,23.87
13/09/2022,Tue,27.27
14/09/2022,Wed,26.16
15/09/2022,Thu,26.27
16/09/2022,Fri,26.3
19/09/2022,Mon,25.76
20/09/2022,Tue,27.16
21/09/2022,Wed,27.99
22/09/2022,Thu,27.35
23/09/2022,Fri,29.92
26/09/2022,Mon,32.26
27/09/2022,Tue,32.6
28/09/2022,Wed,30.18
29/09/2022,Thu,31.84
30/09/2022,Fri,31.62
03/10/2022,Mon,30.1
04/10/2022,Tue,29.07
05/10/2022,Wed,28.55
06/10/2022,Thu,30.52
07/10/2022,Fri,31.36
10/10/2022,Mon,32.45
11/10/2022,Tue,33.63
12/10/2022,Wed,33.57
13/10/2022,Thu,31.94
14/10/2022,Fri,32.02
17/10/2022,Mon,31.37
18/10/2022,Tue,30.5
19/10/2022,Wed,30.76
20/10/2022,Thu,29.98
21/10/2022,Fri,29.69
24/10/2022,Mon,29.85
25/10/2022,Tue,28.46
26/10/2022,Wed,27.28
27/10/2022,Thu,27.39
28/10/2022,Fri,25.75
